
DELETE FROM analiticas;

ALTER TABLE analiticas NOCHECK CONSTRAINT ALL
ALTER TABLE cirbes NOCHECK CONSTRAINT ALL
ALTER TABLE cirbepersonales NOCHECK CONSTRAINT ALL
ALTER TABLE cirbereales NOCHECK CONSTRAINT ALL
ALTER TABLE contabilidades NOCHECK CONSTRAINT ALL
ALTER TABLE contratos NOCHECK CONSTRAINT ALL
ALTER TABLE documentos NOCHECK CONSTRAINT ALL
ALTER TABLE operaciones NOCHECK CONSTRAINT ALL
ALTER TABLE pools NOCHECK CONSTRAINT ALL
ALTER TABLE ratios NOCHECK CONSTRAINT ALL

SET IDENTITY_INSERT analiticas ON

INSERT INTO analiticas (analiticaid, cuenta, magnitud, documentoid) VALUES
	(1, '600', 48845.91, 1),
	(2, '601', 5922996.04, 1),
	(3, '602', 3690684.55, 1),
	(4, '603', 0, 1),
	(5, '604', 0, 1),
	(6, '605', 0, 1),
	(7, '606', 0, 1),
	(8, '607', 108444.2, 1),
	(9, '608', 0, 1),
	(10, '609', -176482.2, 1),
	(11, '610', 0, 1),
	(12, '611', 0, 1),
	(13, '612', -111341.92, 1),
	(14, '613', 0, 1),
	(15, '614', 0, 1),
	(16, '615', 0, 1),
	(17, '616', 0, 1),
	(18, '617', 0, 1),
	(19, '618', 0, 1),
	(20, '619', 0, 1),
	(21, 'compras', 9483146.58, 1),
	(22, '620', 0, 1),
	(23, '621', 175679.68, 1),
	(24, '622', 321593.51, 1),
	(25, '623', 678233.78, 1),
	(26, '624', 263284.39, 1),
	(27, '625', 115823.77, 1),
	(28, '626', 178.75, 1),
	(29, '627', 1274268.13, 1),
	(30, '628', 267869.3, 1),
	(31, '629', 189712.79, 1),
	(32, 'exteriores', 3286644.1, 1),
	(33, '630', 0, 1),
	(34, '631', 40983.15, 1),
	(35, '632', 0, 1),
	(36, '633', 0, 1),
	(37, '634', 0, 1),
	(38, '635', 0, 1),
	(39, '636', 0, 1),
	(40, '637', 0, 1),
	(41, '638', 0, 1),
	(42, '639', 0, 1),
	(43, 'tributos', 40983.15, 1),
	(44, '640', 2496599.38, 1),
	(45, '641', 32872.89, 1),
	(46, '642', 708306.77, 1),
	(47, '643', 0, 1),
	(48, '644', 0, 1),
	(49, '645', 0, 1),
	(50, '646', 0, 1),
	(51, '647', 0, 1),
	(52, '648', 0, 1),
	(53, '649', 0, 1),
	(54, 'personal', 3237779.04, 1),
	(55, '650', 0, 1),
	(56, '651', 0, 1),
	(57, '652', 0, 1),
	(58, '653', 0, 1),
	(59, '654', 0, 1),
	(60, '655', 0, 1),
	(61, '656', 0, 1),
	(62, '657', 0, 1),
	(63, '658', 0, 1),
	(64, '659', 0, 1),
	(65, 'otros gastos de gestion', 0, 1),
	(66, '660', 0, 1),
	(67, '661', 0, 1),
	(68, '662', 414183.33, 1),
	(69, '663', 0, 1),
	(70, '664', 0, 1),
	(71, '665', 53827.62, 1),
	(72, '666', 0, 1),
	(73, '667', 0, 1),
	(74, '668', 21673.99, 1),
	(75, '669', 60716.16, 1),
	(76, 'financieros', 550401.1, 1),
	(77, '670', 0, 1),
	(78, '671', 0, 1),
	(79, '672', 0, 1),
	(80, '673', 0, 1),
	(81, '674', 0, 1),
	(82, '675', 0, 1),
	(83, '676', 0, 1),
	(84, '677', 0, 1),
	(85, '678', 570.19, 1),
	(86, '679', 0, 1),
	(87, 'extraordinarios', 570.19, 1),
	(88, '680', 42936.9, 1),
	(89, '681', 1733786.7, 1),
	(90, '682', 0, 1),
	(91, '683', 0, 1),
	(92, '684', 0, 1),
	(93, '685', 0, 1),
	(94, '686', 0, 1),
	(95, '687', 0, 1),
	(96, '688', 0, 1),
	(97, '689', 0, 1),
	(98, 'amortizaciones', 1776723.6, 1),
	(99, '690', 0, 1),
	(100, '691', 0, 1),
	(101, '692', 0, 1),
	(102, '693', 0, 1),
	(103, '694', 395.83, 1),
	(104, '695', 0, 1),
	(105, '696', 0, 1),
	(106, '697', 0, 1),
	(107, '698', 0, 1),
	(108, '699', 0, 1),
	(109, 'deterioros', 395.83, 1),
	(110, '700', -238352.97, 1),
	(111, '701', -11079424.39, 1),
	(112, '702', -4270755.67, 1),
	(113, '703', -239530.35, 1),
	(114, '704', -35386.05, 1),
	(115, '705', -62117.07, 1),
	(116, '706', 0, 1),
	(117, '707', 0, 1),
	(118, '708', 0, 1),
	(119, '709', 700, 1),
	(120, '710', 0, 1),
	(121, '711', -1296800.23, 1),
	(122, '712', -179391.29, 1),
	(123, '713', 0, 1),
	(124, '714', 0, 1),
	(125, '715', 0, 1),
	(126, '716', 0, 1),
	(127, '717', 0, 1),
	(128, '718', 0, 1),
	(129, '719', 0, 1),
	(130, '720', 0, 1),
	(131, '721', 0, 1),
	(132, '722', 0, 1),
	(133, '723', 0, 1),
	(134, '724', 0, 1),
	(135, '725', 0, 1),
	(136, '726', 0, 1),
	(137, '727', 0, 1),
	(138, '728', 0, 1),
	(139, '729', 0, 1),
	(140, 'ventas', -17401058.02, 1),
	(141, '730', 0, 1),
	(142, '731', 0, 1),
	(143, '732', 0, 1),
	(144, '733', 0, 1),
	(145, '734', 0, 1),
	(146, '735', 0, 1),
	(147, '736', 0, 1),
	(148, '737', 0, 1),
	(149, '738', 0, 1),
	(150, '739', 0, 1),
	(151, 'trabajos', 0, 1),
	(152, '740', -412802.57, 1),
	(153, '741', 0, 1),
	(154, '742', 0, 1),
	(155, '743', 0, 1),
	(156, '744', 0, 1),
	(157, '745', 0, 1),
	(158, '746', -439708.75, 1),
	(159, '747', 0, 1),
	(160, '748', 0, 1),
	(161, '749', 0, 1),
	(162, 'subvenciones', -852511.32, 1),
	(163, '750', 0, 1),
	(164, '751', 0, 1),
	(165, '752', -3326.4, 1),
	(166, '753', 0, 1),
	(167, '754', 0, 1),
	(168, '755', 0, 1),
	(169, '756', 0, 1),
	(170, '757', 0, 1),
	(171, '758', 0, 1),
	(172, '759', -233586.13, 1),
	(173, 'otros ingresos de gestion', -236912.53, 1),
	(174, '760', 0, 1),
	(175, '761', 0, 1),
	(176, '762', 0, 1),
	(177, '763', 0, 1),
	(178, '764', 0, 1),
	(179, '765', 0, 1),
	(180, '766', 0, 1),
	(181, '767', 0, 1),
	(182, '768', -11287.16, 1),
	(183, '769', -223.04, 1),
	(184, 'ingresos financieros', -11510.2, 1),
	(185, '770', 0, 1),
	(186, '771', -2862.47, 1),
	(187, '772', 0, 1),
	(188, '773', 0, 1),
	(189, '774', 0, 1),
	(190, '775', 0, 1),
	(191, '776', 0, 1),
	(192, '777', 0, 1),
	(193, '778', -36094.08, 1),
	(194, '779', 0, 1),
	(195, 'beneficios extraordinarios', -38956.55, 1),
	(196, '780', 0, 1),
	(197, '781', 0, 1),
	(198, '782', 0, 1),
	(199, '783', 0, 1),
	(200, '784', 0, 1),
	(201, '785', 0, 1),
	(202, '786', 0, 1),
	(203, '787', 0, 1),
	(204, '788', 0, 1),
	(205, '789', 0, 1),
	(206, '790', 0, 1),
	(207, '791', 0, 1),
	(208, '792', 0, 1),
	(209, '793', 0, 1),
	(210, '794', 0, 1),
	(211, '795', 0, 1),
	(212, '796', 0, 1),
	(213, '797', 0, 1),
	(214, '798', 0, 1),
	(215, '799', 0, 1),
	(216, 'exceso de deterioros', 0, 1),
	(217, 'total gastos', 18376643.59, 1),
	(218, 'total ventas', -17401058.02, 1),
	(219, 'total ingresos', -18540948.62, 1),
	(220, '600', 122889.3, 2),
	(221, '601', 5755360.46, 2),
	(222, '602', 4352139.73, 2),
	(223, '603', 0, 2),
	(224, '604', 0, 2),
	(225, '605', 0, 2),
	(226, '606', 0, 2),
	(227, '607', 90671.76, 2),
	(228, '608', 0, 2),
	(229, '609', -201918.65, 2),
	(230, '610', 0, 2),
	(231, '611', 0, 2),
	(232, '612', -161335.22, 2),
	(233, '613', 0, 2),
	(234, '614', 0, 2),
	(235, '615', 0, 2),
	(236, '616', 0, 2),
	(237, '617', 0, 2),
	(238, '618', 0, 2),
	(239, '619', 0, 2),
	(240, 'compras', 9957807.38, 2),
	(241, '620', 0, 2),
	(242, '621', 191616.02, 2),
	(243, '622', 283668.95, 2),
	(244, '623', 853093.44, 2),
	(245, '624', 322989.69, 2),
	(246, '625', 112509.99, 2),
	(247, '626', 238.61, 2),
	(248, '627', 943699.97, 2),
	(249, '628', 233514.45, 2),
	(250, '629', 167086.37, 2),
	(251, 'exteriores', 3108417.49, 2),
	(252, '630', 0, 2),
	(253, '631', 31864.14, 2),
	(254, '632', 0, 2),
	(255, '633', 0, 2),
	(256, '634', 0, 2),
	(257, '635', 0, 2),
	(258, '636', 0, 2),
	(259, '637', 0, 2),
	(260, '638', 0, 2),
	(261, '639', 0, 2),
	(262, 'tributos', 31864.14, 2),
	(263, '640', 2377320.6, 2),
	(264, '641', 0, 2),
	(265, '642', 734411.94, 2),
	(266, '643', 0, 2),
	(267, '644', 0, 2),
	(268, '645', 0, 2),
	(269, '646', 0, 2),
	(270, '647', 0, 2),
	(271, '648', 0, 2),
	(272, '649', 0, 2),
	(273, 'personal', 3111732.54, 2),
	(274, '650', 0, 2),
	(275, '651', 0, 2),
	(276, '652', 0, 2),
	(277, '653', 0, 2),
	(278, '654', 0, 2),
	(279, '655', 0, 2),
	(280, '656', 0, 2),
	(281, '657', 0, 2),
	(282, '658', 0, 2),
	(283, '659', 0, 2),
	(284, 'otros gastos de gestion', 0, 2),
	(285, '660', 0, 2),
	(286, '661', 0, 2),
	(287, '662', 612308.46, 2),
	(288, '663', 0, 2),
	(289, '664', 0, 2),
	(290, '665', 97730.65, 2),
	(291, '666', 0, 2),
	(292, '667', 0, 2),
	(293, '668', 15959.77, 2),
	(294, '669', 64975.84, 2),
	(295, 'financieros', 790974.72, 2),
	(296, '670', 0, 2),
	(297, '671', 0, 2),
	(298, '672', 0, 2),
	(299, '673', 0, 2),
	(300, '674', 0, 2),
	(301, '675', 0, 2),
	(302, '676', 0, 2),
	(303, '677', 0, 2),
	(304, '678', 2255.24, 2),
	(305, '679', 0, 2),
	(306, 'extraordinarios', 2255.24, 2),
	(307, '680', 42482.71, 2),
	(308, '681', 1790551.26, 2),
	(309, '682', 0, 2),
	(310, '683', 0, 2),
	(311, '684', 0, 2),
	(312, '685', 0, 2),
	(313, '686', 0, 2),
	(314, '687', 0, 2),
	(315, '688', 0, 2),
	(316, '689', 0, 2),
	(317, 'amortizaciones', 1833033.97, 2),
	(318, '690', 0, 2),
	(319, '691', 0, 2),
	(320, '692', 0, 2),
	(321, '693', 0, 2),
	(322, '694', 196.8, 2),
	(323, '695', 0, 2),
	(324, '696', 0, 2),
	(325, '697', 0, 2),
	(326, '698', 0, 2),
	(327, '699', 0, 2),
	(328, 'deterioros', 196.8, 2),
	(329, '700', -231544.55, 2),
	(330, '701', -12203689.18, 2),
	(331, '702', -7539652.83, 2),
	(332, '703', -405190.03, 2),
	(333, '704', -27957.53, 2),
	(334, '705', -51277.34, 2),
	(335, '706', 0, 2),
	(336, '707', 0, 2),
	(337, '708', 0, 2),
	(338, '709', 600, 2),
	(339, '710', 0, 2),
	(340, '711', 5195167.22, 2),
	(341, '712', 80692.28, 2),
	(342, '713', 0, 2),
	(343, '714', 0, 2),
	(344, '715', 0, 2),
	(345, '716', 0, 2),
	(346, '717', 0, 2),
	(347, '718', 0, 2),
	(348, '719', 0, 2),
	(349, '720', 0, 2),
	(350, '721', 0, 2),
	(351, '722', 0, 2),
	(352, '723', 0, 2),
	(353, '724', 0, 2),
	(354, '725', 0, 2),
	(355, '726', 0, 2),
	(356, '727', 0, 2),
	(357, '728', 0, 2),
	(358, '729', 0, 2),
	(359, 'ventas', -15182851.96, 2),
	(360, '730', 0, 2),
	(361, '731', 0, 2),
	(362, '732', 0, 2),
	(363, '733', 0, 2),
	(364, '734', 0, 2),
	(365, '735', 0, 2),
	(366, '736', 0, 2),
	(367, '737', 0, 2),
	(368, '738', 0, 2),
	(369, '739', 0, 2),
	(370, 'trabajos', 0, 2),
	(371, '740', -62481.78, 2),
	(372, '741', 0, 2),
	(373, '742', 0, 2),
	(374, '743', 0, 2),
	(375, '744', 0, 2),
	(376, '745', 0, 2),
	(377, '746', -443679.44, 2),
	(378, '747', 0, 2),
	(379, '748', 0, 2),
	(380, '749', 0, 2),
	(381, 'subvenciones', -506161.22, 2),
	(382, '750', 0, 2),
	(383, '751', 0, 2),
	(384, '752', -3326.4, 2),
	(385, '753', 0, 2),
	(386, '754', 0, 2),
	(387, '755', 0, 2),
	(388, '756', 0, 2),
	(389, '757', 0, 2),
	(390, '758', 0, 2),
	(391, '759', -174833.61, 2),
	(392, 'otros ingresos de gestion', -178160.01, 2),
	(393, '760', 0, 2),
	(394, '761', 0, 2),
	(395, '762', 0, 2),
	(396, '763', 0, 2),
	(397, '764', 0, 2),
	(398, '765', 0, 2),
	(399, '766', 0, 2),
	(400, '767', 0, 2),
	(401, '768', -13926.64, 2),
	(402, '769', -428.43, 2),
	(403, 'ingresos financieros', -14355.07, 2),
	(404, '770', 0, 2),
	(405, '771', 0, 2),
	(406, '772', 0, 2),
	(407, '773', 0, 2),
	(408, '774', 0, 2),
	(409, '775', 0, 2),
	(410, '776', 0, 2),
	(411, '777', 0, 2),
	(412, '778', -33246.95, 2),
	(413, '779', 0, 2),
	(414, 'beneficios extraordinarios', -33246.95, 2),
	(415, '780', 0, 2),
	(416, '781', 0, 2),
	(417, '782', 0, 2),
	(418, '783', 0, 2),
	(419, '784', 0, 2),
	(420, '785', 0, 2),
	(421, '786', 0, 2),
	(422, '787', 0, 2),
	(423, '788', 0, 2),
	(424, '789', 0, 2),
	(425, '790', 0, 2),
	(426, '791', 0, 2),
	(427, '792', 0, 2),
	(428, '793', 0, 2),
	(429, '794', 0, 2),
	(430, '795', 0, 2),
	(431, '796', 0, 2),
	(432, '797', 0, 2),
	(433, '798', 0, 2),
	(434, '799', 0, 2),
	(435, 'exceso de deterioros', 0, 2),
	(436, 'total gastos', 18836282.28, 2),
	(437, 'total ventas', -15182851.96, 2),
	(438, 'total ingresos', -15914775.21, 2);

SET IDENTITY_INSERT analiticas OFF

DELETE FROM cirbes;

SET IDENTITY_INSERT cirbes ON

-- INSERT INTO cirbes (cirbeid, operacion, dispuesto, participantes, importes, demora, contratoid, documentoid, equivalenciasentidadid, equivalenciasmonedaid, equivalenciasnatintervid, equivalenciasplazoid, equivalenciasproductoid, equivalenciassituoperid, equivalenciassolcolid, equivalenciastipoid, disponible) VALUES (1, 'CV0019008700004001001470402000008184100000', 861100, 0, 0, 0, NULL, 5, 19, 23, 1, 6, 8, NULL, NULL, 10, 38900);
-- INSERT INTO cirbes (cirbeid, operacion, dispuesto, participantes, importes, demora, contratoid, documentoid, equivalenciasentidadid, equivalenciasmonedaid, equivalenciasnatintervid, equivalenciasplazoid, equivalenciasproductoid, equivalenciassituoperid, equivalenciassolcolid, equivalenciastipoid, disponible) VALUES (2, 'PT330001CO0100192922768', 235292, 0, 0, 0, NULL, 5, 49, 23, 1, 10, 9, NULL, NULL, 10, 0);
-- INSERT INTO cirbes (cirbeid, operacion, dispuesto, participantes, importes, demora, contratoid, documentoid, equivalenciasentidadid, equivalenciasmonedaid, equivalenciasnatintervid, equivalenciasplazoid, equivalenciasproductoid, equivalenciassituoperid, equivalenciassolcolid, equivalenciastipoid, disponible) VALUES (3, 'PT330001CO0100198541324', 291270, 0, 0, 0, NULL, 5, 49, 23, 1, 10, 9, NULL, NULL, 10, 0);
-- INSERT INTO cirbes (cirbeid, operacion, dispuesto, participantes, importes, demora, contratoid, documentoid, equivalenciasentidadid, equivalenciasmonedaid, equivalenciasnatintervid, equivalenciasplazoid, equivalenciasproductoid, equivalenciassituoperid, equivalenciassolcolid, equivalenciastipoid, disponible) VALUES (4, '004928131030488665', 223125, 0, 0, 0, NULL, 5, 49, 23, 1, 10, 9, NULL, NULL, 10, 0);
-- INSERT INTO cirbes (cirbeid, operacion, dispuesto, participantes, importes, demora, contratoid, documentoid, equivalenciasentidadid, equivalenciasmonedaid, equivalenciasnatintervid, equivalenciasplazoid, equivalenciasproductoid, equivalenciassituoperid, equivalenciassolcolid, equivalenciastipoid, disponible) VALUES (5, '004928131030488775', 291270, 0, 0, 0, NULL, 5, 49, 23, 1, 10, 9, NULL, NULL, 10, 0);
-- INSERT INTO cirbes (cirbeid, operacion, dispuesto, participantes, importes, demora, contratoid, documentoid, equivalenciasentidadid, equivalenciasmonedaid, equivalenciasnatintervid, equivalenciasplazoid, equivalenciasproductoid, equivalenciassituoperid, equivalenciassolcolid, equivalenciastipoid, disponible) VALUES (6, '004928131230488445', 800000, 0, 0, 0, NULL, 5, 49, 23, 1, 6, 9, NULL, NULL, 10, 0);
-- INSERT INTO cirbes (cirbeid, operacion, dispuesto, participantes, importes, demora, contratoid, documentoid, equivalenciasentidadid, equivalenciasmonedaid, equivalenciasnatintervid, equivalenciasplazoid, equivalenciasproductoid, equivalenciassituoperid, equivalenciassolcolid, equivalenciastipoid, disponible) VALUES (7, '004928131610000029', 628187, 0, 0, 0, NULL, 5, 49, 23, 1, 7, 12, NULL, NULL, 2, 0);
-- INSERT INTO cirbes (cirbeid, operacion, dispuesto, participantes, importes, demora, contratoid, documentoid, equivalenciasentidadid, equivalenciasmonedaid, equivalenciasnatintervid, equivalenciasplazoid, equivalenciasproductoid, equivalenciassituoperid, equivalenciassolcolid, equivalenciastipoid, disponible) VALUES (8, '01LE 0000074703493720', 160126, 0, 0, 0, NULL, 5, 81, 23, 1, 10, 6, NULL, NULL, 28, 0);
-- INSERT INTO cirbes (cirbeid, operacion, dispuesto, participantes, importes, demora, contratoid, documentoid, equivalenciasentidadid, equivalenciasmonedaid, equivalenciasnatintervid, equivalenciasplazoid, equivalenciasproductoid, equivalenciassituoperid, equivalenciassolcolid, equivalenciastipoid, disponible) VALUES (9, '01XN 00000587013406101XF 000000111646811', 16296, 0, 0, 0, NULL, 5, 81, 23, 1, 8, 3, NULL, NULL, 10, 0);
-- INSERT INTO cirbes (cirbeid, operacion, dispuesto, participantes, importes, demora, contratoid, documentoid, equivalenciasentidadid, equivalenciasmonedaid, equivalenciasnatintervid, equivalenciasplazoid, equivalenciasproductoid, equivalenciassituoperid, equivalenciassolcolid, equivalenciastipoid, disponible) VALUES (10, 'N0017654041630201932', 27233, 0, 0, 0, NULL, 5, 128, 23, 1, 10, 9, NULL, NULL, 10, 0);
-- INSERT INTO cirbes (cirbeid, operacion, dispuesto, participantes, importes, demora, contratoid, documentoid, equivalenciasentidadid, equivalenciasmonedaid, equivalenciasnatintervid, equivalenciasplazoid, equivalenciasproductoid, equivalenciassituoperid, equivalenciassolcolid, equivalenciastipoid, disponible) VALUES (11, 'N0047654010620001973', 288981, 0, 0, 0, NULL, 5, 128, 23, 1, 7, 12, NULL, NULL, 2, 0);
-- INSERT INTO cirbes (cirbeid, operacion, dispuesto, participantes, importes, demora, contratoid, documentoid, equivalenciasentidadid, equivalenciasmonedaid, equivalenciasnatintervid, equivalenciasplazoid, equivalenciasproductoid, equivalenciassituoperid, equivalenciassolcolid, equivalenciastipoid, disponible) VALUES (12, '01287654000510004715', 106384, 0, 0, 0, NULL, 5, 128, 23, 1, 10, 9, NULL, NULL, 10, 0);
-- INSERT INTO cirbes (cirbeid, operacion, dispuesto, participantes, importes, demora, contratoid, documentoid, equivalenciasentidadid, equivalenciasmonedaid, equivalenciasnatintervid, equivalenciasplazoid, equivalenciasproductoid, equivalenciassituoperid, equivalenciassolcolid, equivalenciastipoid, disponible) VALUES (13, '01287654050510006255', 2400000, 0, 0, 0, NULL, 5, 128, 23, 1, 6, 9, NULL, NULL, 10, 0);
-- INSERT INTO cirbes (cirbeid, operacion, dispuesto, participantes, importes, demora, contratoid, documentoid, equivalenciasentidadid, equivalenciasmonedaid, equivalenciasnatintervid, equivalenciasplazoid, equivalenciasproductoid, equivalenciassituoperid, equivalenciassolcolid, equivalenciastipoid, disponible) VALUES (14, '01287654090550068603', 1618913, 0, 0, 0, NULL, 5, 128, 23, 1, 6, 8, NULL, NULL, 10, 131087);
-- INSERT INTO cirbes (cirbeid, operacion, dispuesto, participantes, importes, demora, contratoid, documentoid, equivalenciasentidadid, equivalenciasmonedaid, equivalenciasnatintervid, equivalenciasplazoid, equivalenciasproductoid, equivalenciassituoperid, equivalenciassolcolid, equivalenciastipoid, disponible) VALUES (15, '000000000000000004526477550000000000000000000000000000030119', 58636, 0, 0, 0, NULL, 5, 182, 23, 1, 7, 12, NULL, NULL, 2, 0);
-- INSERT INTO cirbes (cirbeid, operacion, dispuesto, participantes, importes, demora, contratoid, documentoid, equivalenciasentidadid, equivalenciasmonedaid, equivalenciasnatintervid, equivalenciasplazoid, equivalenciasproductoid, equivalenciassituoperid, equivalenciassolcolid, equivalenciastipoid, disponible) VALUES (16, '000000000000000004584738150000000000000000000000000000031129', 428571, 0, 0, 0, NULL, 5, 182, 23, 1, 10, 6, NULL, NULL, 28, 0);
-- INSERT INTO cirbes (cirbeid, operacion, dispuesto, participantes, importes, demora, contratoid, documentoid, equivalenciasentidadid, equivalenciasmonedaid, equivalenciasnatintervid, equivalenciasplazoid, equivalenciasproductoid, equivalenciassituoperid, equivalenciassolcolid, equivalenciastipoid, disponible) VALUES (17, '000000000000000004696527930000000000000000000000000000014050', 750000, 0, 0, 0, NULL, 5, 182, 23, 1, 6, 9, NULL, NULL, 10, 0);
-- INSERT INTO cirbes (cirbeid, operacion, dispuesto, participantes, importes, demora, contratoid, documentoid, equivalenciasentidadid, equivalenciasmonedaid, equivalenciasnatintervid, equivalenciasplazoid, equivalenciasproductoid, equivalenciassituoperid, equivalenciassolcolid, equivalenciastipoid, disponible) VALUES (18, '000000000000000004696547480000000000000000000000000000014050', 514104, 0, 0, 0, NULL, 5, 182, 23, 1, 6, 8, NULL, NULL, 10, 235895);
-- INSERT INTO cirbes (cirbeid, operacion, dispuesto, participantes, importes, demora, contratoid, documentoid, equivalenciasentidadid, equivalenciasmonedaid, equivalenciasnatintervid, equivalenciasplazoid, equivalenciasproductoid, equivalenciassituoperid, equivalenciassolcolid, equivalenciastipoid, disponible) VALUES (19, '000000000000000005158439690000000000000000000000000000025101', 32227, 0, 0, 0, NULL, 5, 182, 23, 1, 7, 12, NULL, NULL, 2, 0);
-- INSERT INTO cirbes (cirbeid, operacion, dispuesto, participantes, importes, demora, contratoid, documentoid, equivalenciasentidadid, equivalenciasmonedaid, equivalenciasnatintervid, equivalenciasplazoid, equivalenciasproductoid, equivalenciassituoperid, equivalenciassolcolid, equivalenciastipoid, disponible) VALUES (20, '000000000000000005158462240000000000000000000000000000025101', 149680, 0, 0, 0, NULL, 5, 182, 23, 1, 7, 12, NULL, NULL, 2, 0);
-- INSERT INTO cirbes (cirbeid, operacion, dispuesto, participantes, importes, demora, contratoid, documentoid, equivalenciasentidadid, equivalenciasmonedaid, equivalenciasnatintervid, equivalenciasplazoid, equivalenciasproductoid, equivalenciassituoperid, equivalenciassolcolid, equivalenciastipoid, disponible) VALUES (21, '000000000000000005230662230000000000000000000000000000030121', 143599, 0, 0, 0, NULL, 5, 182, 23, 1, 7, 12, NULL, NULL, 2, 0);
-- INSERT INTO cirbes (cirbeid, operacion, dispuesto, participantes, importes, demora, contratoid, documentoid, equivalenciasentidadid, equivalenciasmonedaid, equivalenciasnatintervid, equivalenciasplazoid, equivalenciasproductoid, equivalenciassituoperid, equivalenciassolcolid, equivalenciastipoid, disponible) VALUES (22, '204809079604001195', 104391, 0, 0, 0, NULL, 5, 750, 23, 1, 10, 9, NULL, NULL, 10, 0);
-- INSERT INTO cirbes (cirbeid, operacion, dispuesto, participantes, importes, demora, contratoid, documentoid, equivalenciasentidadid, equivalenciasmonedaid, equivalenciasnatintervid, equivalenciasplazoid, equivalenciasproductoid, equivalenciassituoperid, equivalenciassolcolid, equivalenciastipoid, disponible) VALUES (23, '204809079604001781', 300000, 0, 0, 0, NULL, 5, 750, 23, 1, 6, 9, NULL, NULL, 10, 0);
-- INSERT INTO cirbes (cirbeid, operacion, dispuesto, participantes, importes, demora, contratoid, documentoid, equivalenciasentidadid, equivalenciasmonedaid, equivalenciasnatintervid, equivalenciasplazoid, equivalenciasproductoid, equivalenciassituoperid, equivalenciassolcolid, equivalenciastipoid, disponible) VALUES (24, '01AH1100194000342  000000000000000  20200525', 996474, 0, 0, 0, NULL, 5, 787, 23, 1, 10, 8, NULL, NULL, 10, 203526);
-- INSERT INTO cirbes (cirbeid, operacion, dispuesto, participantes, importes, demora, contratoid, documentoid, equivalenciasentidadid, equivalenciasmonedaid, equivalenciasnatintervid, equivalenciasplazoid, equivalenciasproductoid, equivalenciassituoperid, equivalenciassolcolid, equivalenciastipoid, disponible) VALUES (25, '01DX07115800103077  000000110925431', 18318, 0, 0, 0, NULL, 5, 787, 23, 1, 8, 3, NULL, NULL, 10, 0);
-- INSERT INTO cirbes (cirbeid, operacion, dispuesto, participantes, importes, demora, contratoid, documentoid, equivalenciasentidadid, equivalenciasmonedaid, equivalenciasnatintervid, equivalenciasplazoid, equivalenciasproductoid, equivalenciassituoperid, equivalenciassolcolid, equivalenciastipoid, disponible) VALUES (26, '01DX07115800103077  000000110925438', 26362, 0, 0, 0, NULL, 5, 787, 23, 1, 8, 3, NULL, NULL, 10, 0);
-- INSERT INTO cirbes (cirbeid, operacion, dispuesto, participantes, importes, demora, contratoid, documentoid, equivalenciasentidadid, equivalenciasmonedaid, equivalenciasnatintervid, equivalenciasplazoid, equivalenciasproductoid, equivalenciassituoperid, equivalenciassolcolid, equivalenciastipoid, disponible) VALUES (27, '01DX07115800103077  000000110925440', 28027, 0, 0, 0, NULL, 5, 787, 23, 1, 8, 3, NULL, NULL, 10, 0);
-- INSERT INTO cirbes (cirbeid, operacion, dispuesto, participantes, importes, demora, contratoid, documentoid, equivalenciasentidadid, equivalenciasmonedaid, equivalenciasnatintervid, equivalenciasplazoid, equivalenciasproductoid, equivalenciassituoperid, equivalenciassolcolid, equivalenciastipoid, disponible) VALUES (28, '01DX07115800103077  000000110933993', 12417, 0, 0, 0, NULL, 5, 787, 23, 1, 8, 3, NULL, NULL, 10, 0);
-- INSERT INTO cirbes (cirbeid, operacion, dispuesto, participantes, importes, demora, contratoid, documentoid, equivalenciasentidadid, equivalenciasmonedaid, equivalenciasnatintervid, equivalenciasplazoid, equivalenciasproductoid, equivalenciassituoperid, equivalenciassolcolid, equivalenciastipoid, disponible) VALUES (29, '01DX07115800103077  000000110933997', 23396, 0, 0, 0, NULL, 5, 787, 23, 1, 8, 3, NULL, NULL, 10, 0);
-- INSERT INTO cirbes (cirbeid, operacion, dispuesto, participantes, importes, demora, contratoid, documentoid, equivalenciasentidadid, equivalenciasmonedaid, equivalenciasnatintervid, equivalenciasplazoid, equivalenciasproductoid, equivalenciassituoperid, equivalenciassolcolid, equivalenciastipoid, disponible) VALUES (30, '01LD49118243  000000000000000', 249614, 0, 0, 0, NULL, 5, 787, 23, 1, 7, 12, NULL, NULL, 2, 0);
-- INSERT INTO cirbes (cirbeid, operacion, dispuesto, participantes, importes, demora, contratoid, documentoid, equivalenciasentidadid, equivalenciasmonedaid, equivalenciasnatintervid, equivalenciasplazoid, equivalenciasproductoid, equivalenciassituoperid, equivalenciassolcolid, equivalenciastipoid, disponible) VALUES (31, '01MP60000703  000000000000000', 0, 0, 0, 0, NULL, 5, 787, 23, 1, 9, 7, NULL, NULL, 45, 1642221);
-- INSERT INTO cirbes (cirbeid, operacion, dispuesto, participantes, importes, demora, contratoid, documentoid, equivalenciasentidadid, equivalenciasmonedaid, equivalenciasnatintervid, equivalenciasplazoid, equivalenciasproductoid, equivalenciassituoperid, equivalenciassolcolid, equivalenciastipoid, disponible) VALUES (32, '01PR11001212150027P0000 000000000000000', 120404, 0, 0, 0, NULL, 5, 787, 23, 1, 10, 9, NULL, NULL, 10, 0);
-- INSERT INTO cirbes (cirbeid, operacion, dispuesto, participantes, importes, demora, contratoid, documentoid, equivalenciasentidadid, equivalenciasmonedaid, equivalenciasnatintervid, equivalenciasplazoid, equivalenciasproductoid, equivalenciassituoperid, equivalenciassolcolid, equivalenciastipoid, disponible) VALUES (33, '01PR11001796150010P0000 000000000000000', 600000, 0, 0, 0, NULL, 5, 787, 23, 1, 6, 9, NULL, NULL, 10, 0);
-- INSERT INTO cirbes (cirbeid, operacion, dispuesto, participantes, importes, demora, contratoid, documentoid, equivalenciasentidadid, equivalenciasmonedaid, equivalenciasnatintervid, equivalenciasplazoid, equivalenciasproductoid, equivalenciassituoperid, equivalenciassolcolid, equivalenciastipoid, disponible) VALUES (34, '01TSMB5585730151549015  000000000000000', 0, 0, 0, 0, NULL, 5, 787, 23, 1, 7, 11, NULL, NULL, 10, 9000);
-- INSERT INTO cirbes (cirbeid, operacion, dispuesto, participantes, importes, demora, contratoid, documentoid, equivalenciasentidadid, equivalenciasmonedaid, equivalenciasnatintervid, equivalenciasplazoid, equivalenciasproductoid, equivalenciassituoperid, equivalenciassolcolid, equivalenciastipoid, disponible) VALUES (35, '001CEF3586719004090', 666650, 0, 0, 0, NULL, 5, 802, 23, 1, 7, 12, NULL, NULL, 2, 0);
-- INSERT INTO cirbes (cirbeid, operacion, dispuesto, participantes, importes, demora, contratoid, documentoid, equivalenciasentidadid, equivalenciasmonedaid, equivalenciasnatintervid, equivalenciasplazoid, equivalenciasproductoid, equivalenciassituoperid, equivalenciassolcolid, equivalenciastipoid, disponible) VALUES (36, '001GSL9320500278126', 443377, 0, 0, 0, NULL, 5, 802, 23, 1, 10, 6, NULL, NULL, 28, 0);
-- INSERT INTO cirbes (cirbeid, operacion, dispuesto, participantes, importes, demora, contratoid, documentoid, equivalenciasentidadid, equivalenciasmonedaid, equivalenciasnatintervid, equivalenciasplazoid, equivalenciasproductoid, equivalenciassituoperid, equivalenciassolcolid, equivalenciastipoid, disponible) VALUES (37, '001PMD3586410009888', 3322, 0, 0, 0, NULL, 5, 802, 23, 1, 8, 3, NULL, NULL, 10, 0);
-- INSERT INTO cirbes (cirbeid, operacion, dispuesto, participantes, importes, demora, contratoid, documentoid, equivalenciasentidadid, equivalenciasmonedaid, equivalenciasnatintervid, equivalenciasplazoid, equivalenciasproductoid, equivalenciassituoperid, equivalenciassolcolid, equivalenciastipoid, disponible) VALUES (38, '001PMD3586410009889', 14167, 0, 0, 0, NULL, 5, 802, 23, 1, 8, 3, NULL, NULL, 10, 0);
-- INSERT INTO cirbes (cirbeid, operacion, dispuesto, participantes, importes, demora, contratoid, documentoid, equivalenciasentidadid, equivalenciasmonedaid, equivalenciasnatintervid, equivalenciasplazoid, equivalenciasproductoid, equivalenciassituoperid, equivalenciassolcolid, equivalenciastipoid, disponible) VALUES (39, '001PMD3586410009988', 42874, 0, 0, 0, NULL, 5, 802, 23, 1, 8, 3, NULL, NULL, 10, 0);
-- INSERT INTO cirbes (cirbeid, operacion, dispuesto, participantes, importes, demora, contratoid, documentoid, equivalenciasentidadid, equivalenciasmonedaid, equivalenciasnatintervid, equivalenciasplazoid, equivalenciasproductoid, equivalenciassituoperid, equivalenciassolcolid, equivalenciastipoid, disponible) VALUES (40, '001PMD3586410010128', 23184, 0, 0, 0, NULL, 5, 802, 23, 1, 8, 3, NULL, NULL, 10, 0);
-- INSERT INTO cirbes (cirbeid, operacion, dispuesto, participantes, importes, demora, contratoid, documentoid, equivalenciasentidadid, equivalenciasmonedaid, equivalenciasnatintervid, equivalenciasplazoid, equivalenciasproductoid, equivalenciassituoperid, equivalenciassolcolid, equivalenciastipoid, disponible) VALUES (41, '001PMD3586410010129', 14291, 0, 0, 0, NULL, 5, 802, 23, 1, 8, 3, NULL, NULL, 10, 0);
-- INSERT INTO cirbes (cirbeid, operacion, dispuesto, participantes, importes, demora, contratoid, documentoid, equivalenciasentidadid, equivalenciasmonedaid, equivalenciasnatintervid, equivalenciasplazoid, equivalenciasproductoid, equivalenciassituoperid, equivalenciassolcolid, equivalenciastipoid, disponible) VALUES (42, '001PMD3586410010188', 14291, 0, 0, 0, NULL, 5, 802, 23, 1, 8, 3, NULL, NULL, 10, 0);
-- INSERT INTO cirbes (cirbeid, operacion, dispuesto, participantes, importes, demora, contratoid, documentoid, equivalenciasentidadid, equivalenciasmonedaid, equivalenciasnatintervid, equivalenciasplazoid, equivalenciasproductoid, equivalenciassituoperid, equivalenciassolcolid, equivalenciastipoid, disponible) VALUES (43, '001PMD3586410010334', 9786, 0, 0, 0, NULL, 5, 802, 23, 1, 8, 3, NULL, NULL, 10, 0);
-- INSERT INTO cirbes (cirbeid, operacion, dispuesto, participantes, importes, demora, contratoid, documentoid, equivalenciasentidadid, equivalenciasmonedaid, equivalenciasnatintervid, equivalenciasplazoid, equivalenciasproductoid, equivalenciassituoperid, equivalenciassolcolid, equivalenciastipoid, disponible) VALUES (44, '001PMD3586410010457', 5653, 0, 0, 0, NULL, 5, 802, 23, 1, 9, 3, NULL, NULL, 10, 0);
-- INSERT INTO cirbes (cirbeid, operacion, dispuesto, participantes, importes, demora, contratoid, documentoid, equivalenciasentidadid, equivalenciasmonedaid, equivalenciasnatintervid, equivalenciasplazoid, equivalenciasproductoid, equivalenciassituoperid, equivalenciassolcolid, equivalenciastipoid, disponible) VALUES (45, '001PMD3586410010458', 3220, 0, 0, 0, NULL, 5, 802, 23, 1, 9, 3, NULL, NULL, 10, 0);
-- INSERT INTO cirbes (cirbeid, operacion, dispuesto, participantes, importes, demora, contratoid, documentoid, equivalenciasentidadid, equivalenciasmonedaid, equivalenciasnatintervid, equivalenciasplazoid, equivalenciasproductoid, equivalenciassituoperid, equivalenciassolcolid, equivalenciastipoid, disponible) VALUES (46, '001PMD3586410010459', 8871, 0, 0, 0, NULL, 5, 802, 23, 1, 9, 3, NULL, NULL, 10, 0);
-- INSERT INTO cirbes (cirbeid, operacion, dispuesto, participantes, importes, demora, contratoid, documentoid, equivalenciasentidadid, equivalenciasmonedaid, equivalenciasnatintervid, equivalenciasplazoid, equivalenciasproductoid, equivalenciassituoperid, equivalenciassolcolid, equivalenciastipoid, disponible) VALUES (47, '001PRS9620315379179201611S', 172500, 0, 0, 0, NULL, 5, 802, 23, 1, 10, 9, NULL, NULL, 10, 0);
-- INSERT INTO cirbes (cirbeid, operacion, dispuesto, participantes, importes, demora, contratoid, documentoid, equivalenciasentidadid, equivalenciasmonedaid, equivalenciasnatintervid, equivalenciasplazoid, equivalenciasproductoid, equivalenciassituoperid, equivalenciassolcolid, equivalenciastipoid, disponible) VALUES (48, '001PRS9620316715602', 203572, 0, 0, 0, NULL, 5, 802, 23, 1, 10, 9, NULL, NULL, 10, 0);
-- INSERT INTO cirbes (cirbeid, operacion, dispuesto, participantes, importes, demora, contratoid, documentoid, equivalenciasentidadid, equivalenciasmonedaid, equivalenciasnatintervid, equivalenciasplazoid, equivalenciasproductoid, equivalenciassituoperid, equivalenciassolcolid, equivalenciastipoid, disponible) VALUES (49, '001PRS9620317809349', 408333, 0, 0, 0, NULL, 5, 802, 23, 1, 10, 9, NULL, NULL, 10, 0);
-- INSERT INTO cirbes (cirbeid, operacion, dispuesto, participantes, importes, demora, contratoid, documentoid, equivalenciasentidadid, equivalenciasmonedaid, equivalenciasnatintervid, equivalenciasplazoid, equivalenciasproductoid, equivalenciassituoperid, equivalenciassolcolid, equivalenciastipoid, disponible) VALUES (50, '001PRS9620319741624202005S', 750000, 0, 0, 0, NULL, 5, 802, 23, 1, 6, 9, NULL, NULL, 10, 0);
-- INSERT INTO cirbes (cirbeid, operacion, dispuesto, participantes, importes, demora, contratoid, documentoid, equivalenciasentidadid, equivalenciasmonedaid, equivalenciasnatintervid, equivalenciasplazoid, equivalenciasproductoid, equivalenciassituoperid, equivalenciassolcolid, equivalenciastipoid, disponible) VALUES (51, '3017233422505520161118', 235330, 0, 0, 0, NULL, 5, 861, 23, 1, 10, 9, NULL, NULL, 10, 0);
-- INSERT INTO cirbes (cirbeid, operacion, dispuesto, participantes, importes, demora, contratoid, documentoid, equivalenciasentidadid, equivalenciasmonedaid, equivalenciasnatintervid, equivalenciasplazoid, equivalenciasproductoid, equivalenciassituoperid, equivalenciassolcolid, equivalenciastipoid, disponible) VALUES (52, '3017243045055720200427', 300000, 0, 0, 0, NULL, 5, 861, 23, 1, 6, 9, NULL, NULL, 10, 0);
-- INSERT INTO cirbes (cirbeid, operacion, dispuesto, participantes, importes, demora, contratoid, documentoid, equivalenciasentidadid, equivalenciasmonedaid, equivalenciasnatintervid, equivalenciasplazoid, equivalenciasproductoid, equivalenciassituoperid, equivalenciassolcolid, equivalenciastipoid, disponible) VALUES (53, '3017245113074020210122', 163019, 0, 0, 0, NULL, 5, 861, 23, 1, 7, 12, NULL, NULL, 2, 36981);
-- INSERT INTO cirbes (cirbeid, operacion, dispuesto, participantes, importes, demora, contratoid, documentoid, equivalenciasentidadid, equivalenciasmonedaid, equivalenciasnatintervid, equivalenciasplazoid, equivalenciasproductoid, equivalenciassituoperid, equivalenciassolcolid, equivalenciastipoid, disponible) VALUES (54, '00042030951000049500000000000000', 180000, 0, 0, 0, NULL, 5, 902, 23, 1, 6, 9, NULL, NULL, 10, 0);
-- INSERT INTO cirbes (cirbeid, operacion, dispuesto, participantes, importes, demora, contratoid, documentoid, equivalenciasentidadid, equivalenciasmonedaid, equivalenciasnatintervid, equivalenciasplazoid, equivalenciasproductoid, equivalenciassituoperid, equivalenciassolcolid, equivalenciastipoid, disponible) VALUES (55, '3080228807605820150112', 169920, 0, 0, 0, NULL, 5, 924, 23, 1, 10, 9, NULL, NULL, 10, 0);
-- INSERT INTO cirbes (cirbeid, operacion, dispuesto, participantes, importes, demora, contratoid, documentoid, equivalenciasentidadid, equivalenciasmonedaid, equivalenciasnatintervid, equivalenciasplazoid, equivalenciasproductoid, equivalenciassituoperid, equivalenciassolcolid, equivalenciastipoid, disponible) VALUES (56, '3080235231575420161130', 235008, 0, 0, 0, NULL, 5, 924, 23, 1, 10, 9, NULL, NULL, 10, 0);
-- INSERT INTO cirbes (cirbeid, operacion, dispuesto, participantes, importes, demora, contratoid, documentoid, equivalenciasentidadid, equivalenciasmonedaid, equivalenciasnatintervid, equivalenciasplazoid, equivalenciasproductoid, equivalenciassituoperid, equivalenciassolcolid, equivalenciastipoid, disponible) VALUES (57, '3080238999935620180112', 233351, 0, 0, 0, NULL, 5, 924, 23, 1, 10, 9, NULL, NULL, 10, 0);
-- INSERT INTO cirbes (cirbeid, operacion, dispuesto, participantes, importes, demora, contratoid, documentoid, equivalenciasentidadid, equivalenciasmonedaid, equivalenciasnatintervid, equivalenciasplazoid, equivalenciasproductoid, equivalenciassituoperid, equivalenciassolcolid, equivalenciastipoid, disponible) VALUES (58, '3080244923125320200116', 306547, 0, 0, 0, NULL, 5, 924, 23, 1, 6, 6, NULL, NULL, 28, 0);
-- INSERT INTO cirbes (cirbeid, operacion, dispuesto, participantes, importes, demora, contratoid, documentoid, equivalenciasentidadid, equivalenciasmonedaid, equivalenciasnatintervid, equivalenciasplazoid, equivalenciasproductoid, equivalenciassituoperid, equivalenciassolcolid, equivalenciastipoid, disponible) VALUES (59, '3080244924095720200116', 139479, 0, 0, 0, NULL, 5, 924, 23, 1, 6, 6, NULL, NULL, 28, 0);
-- INSERT INTO cirbes (cirbeid, operacion, dispuesto, participantes, importes, demora, contratoid, documentoid, equivalenciasentidadid, equivalenciasmonedaid, equivalenciasnatintervid, equivalenciasplazoid, equivalenciasproductoid, equivalenciassituoperid, equivalenciassolcolid, equivalenciastipoid, disponible) VALUES (60, '3080246282115420200428', 1100000, 0, 0, 0, NULL, 5, 924, 23, 1, 6, 9, NULL, NULL, 10, 0);
-- INSERT INTO cirbes (cirbeid, operacion, dispuesto, participantes, importes, demora, contratoid, documentoid, equivalenciasentidadid, equivalenciasmonedaid, equivalenciasnatintervid, equivalenciasplazoid, equivalenciasproductoid, equivalenciassituoperid, equivalenciassolcolid, equivalenciastipoid, disponible) VALUES (61, '3080246574966720200703', 282716, 2, 0, 0, NULL, 5, 924, 23, 1, 10, 8, NULL, NULL, 10, 17284);
-- INSERT INTO cirbes (cirbeid, operacion, dispuesto, participantes, importes, demora, contratoid, documentoid, equivalenciasentidadid, equivalenciasmonedaid, equivalenciasnatintervid, equivalenciasplazoid, equivalenciasproductoid, equivalenciassituoperid, equivalenciassolcolid, equivalenciastipoid, disponible) VALUES (62, '3080248222218520201116', 0, 2, 0, 0, NULL, 5, 924, 23, 1, 7, 11, NULL, NULL, 10, 1000);
-- INSERT INTO cirbes (cirbeid, operacion, dispuesto, participantes, importes, demora, contratoid, documentoid, equivalenciasentidadid, equivalenciasmonedaid, equivalenciasnatintervid, equivalenciasplazoid, equivalenciasproductoid, equivalenciassituoperid, equivalenciassolcolid, equivalenciastipoid, disponible) VALUES (63, '3080249972075920210702', 149053, 2, 0, 0, NULL, 5, 924, 23, 1, 6, 1, NULL, NULL, 32, 0);
-- INSERT INTO cirbes (cirbeid, operacion, dispuesto, participantes, importes, demora, contratoid, documentoid, equivalenciasentidadid, equivalenciasmonedaid, equivalenciasnatintervid, equivalenciasplazoid, equivalenciasproductoid, equivalenciassituoperid, equivalenciassolcolid, equivalenciastipoid, disponible) VALUES (64, '3080250865026020211105', 290218, 2, 0, 0, NULL, 5, 924, 23, 1, 9, 8, NULL, NULL, 10, 704782);
-- INSERT INTO cirbes (cirbeid, operacion, dispuesto, participantes, importes, demora, contratoid, documentoid, equivalenciasentidadid, equivalenciasmonedaid, equivalenciasnatintervid, equivalenciasplazoid, equivalenciasproductoid, equivalenciassituoperid, equivalenciassolcolid, equivalenciastipoid, disponible) VALUES (65, '3080250866116820211105', 4334, 2, 0, 0, NULL, 5, 924, 23, 1, 9, 8, NULL, NULL, 10, 215666);
-- INSERT INTO cirbes (cirbeid, operacion, dispuesto, participantes, importes, demora, contratoid, documentoid, equivalenciasentidadid, equivalenciasmonedaid, equivalenciasnatintervid, equivalenciasplazoid, equivalenciasproductoid, equivalenciassituoperid, equivalenciassolcolid, equivalenciastipoid, disponible) VALUES (66, '3191401683995519950926', 3005, 0, 0, 0, NULL, 5, 1034, 23, 1, 8, 1, NULL, NULL, 40, 0);
-- INSERT INTO cirbes (cirbeid, operacion, dispuesto, participantes, importes, demora, contratoid, documentoid, equivalenciasentidadid, equivalenciasmonedaid, equivalenciasnatintervid, equivalenciasplazoid, equivalenciasproductoid, equivalenciassituoperid, equivalenciassolcolid, equivalenciastipoid, disponible) VALUES (67, '3191401684055719950926', 5830, 0, 0, 0, NULL, 5, 1034, 23, 1, 8, 1, NULL, NULL, 40, 0);
-- INSERT INTO cirbes (cirbeid, operacion, dispuesto, participantes, importes, demora, contratoid, documentoid, equivalenciasentidadid, equivalenciasmonedaid, equivalenciasnatintervid, equivalenciasplazoid, equivalenciasproductoid, equivalenciassituoperid, equivalenciassolcolid, equivalenciastipoid, disponible) VALUES (68, '3191401684115919950926', 3005, 0, 0, 0, NULL, 5, 1034, 23, 1, 8, 1, NULL, NULL, 40, 0);
-- INSERT INTO cirbes (cirbeid, operacion, dispuesto, participantes, importes, demora, contratoid, documentoid, equivalenciasentidadid, equivalenciasmonedaid, equivalenciasnatintervid, equivalenciasplazoid, equivalenciasproductoid, equivalenciassituoperid, equivalenciassolcolid, equivalenciastipoid, disponible) VALUES (69, '3191442021345820100426', 50000, 0, 0, 0, NULL, 5, 1034, 23, 1, 6, 1, NULL, NULL, 40, 0);
-- INSERT INTO cirbes (cirbeid, operacion, dispuesto, participantes, importes, demora, contratoid, documentoid, equivalenciasentidadid, equivalenciasmonedaid, equivalenciasnatintervid, equivalenciasplazoid, equivalenciasproductoid, equivalenciassituoperid, equivalenciassolcolid, equivalenciastipoid, disponible) VALUES (70, '3191450479038920110805', 3300, 2, 0, 0, NULL, 5, 1034, 23, 1, 7, 11, NULL, NULL, 10, 1700);
-- INSERT INTO cirbes (cirbeid, operacion, dispuesto, participantes, importes, demora, contratoid, documentoid, equivalenciasentidadid, equivalenciasmonedaid, equivalenciasnatintervid, equivalenciasplazoid, equivalenciasproductoid, equivalenciassituoperid, equivalenciassolcolid, equivalenciastipoid, disponible) VALUES (71, '3191575041585220160114', 201248, 0, 0, 0, NULL, 5, 1034, 23, 1, 10, 9, NULL, NULL, 10, 0);
-- INSERT INTO cirbes (cirbeid, operacion, dispuesto, participantes, importes, demora, contratoid, documentoid, equivalenciasentidadid, equivalenciasmonedaid, equivalenciasnatintervid, equivalenciasplazoid, equivalenciasproductoid, equivalenciassituoperid, equivalenciassolcolid, equivalenciastipoid, disponible) VALUES (72, '3191586002745620161130', 1853667, 0, 0, 0, NULL, 5, 1034, 23, 1, 6, 9, NULL, NULL, 10, 0);
-- INSERT INTO cirbes (cirbeid, operacion, dispuesto, participantes, importes, demora, contratoid, documentoid, equivalenciasentidadid, equivalenciasmonedaid, equivalenciasnatintervid, equivalenciasplazoid, equivalenciasproductoid, equivalenciassituoperid, equivalenciassolcolid, equivalenciastipoid, disponible) VALUES (73, '3191586039145620161130', 112863, 0, 0, 0, NULL, 5, 1034, 23, 1, 10, 9, NULL, NULL, 10, 0);
-- INSERT INTO cirbes (cirbeid, operacion, dispuesto, participantes, importes, demora, contratoid, documentoid, equivalenciasentidadid, equivalenciasmonedaid, equivalenciasnatintervid, equivalenciasplazoid, equivalenciasproductoid, equivalenciassituoperid, equivalenciassolcolid, equivalenciastipoid, disponible) VALUES (74, '3191604902505620181226', 910000, 0, 0, 0, NULL, 5, 1034, 23, 1, 6, 9, NULL, NULL, 10, 0);
-- INSERT INTO cirbes (cirbeid, operacion, dispuesto, participantes, importes, demora, contratoid, documentoid, equivalenciasentidadid, equivalenciasmonedaid, equivalenciasnatintervid, equivalenciasplazoid, equivalenciasproductoid, equivalenciassituoperid, equivalenciassolcolid, equivalenciastipoid, disponible) VALUES (75, '3191618204035920200120', 350197, 0, 0, 0, NULL, 5, 1034, 23, 1, 10, 6, NULL, NULL, 28, 0);
-- INSERT INTO cirbes (cirbeid, operacion, dispuesto, participantes, importes, demora, contratoid, documentoid, equivalenciasentidadid, equivalenciasmonedaid, equivalenciasnatintervid, equivalenciasplazoid, equivalenciasproductoid, equivalenciassituoperid, equivalenciassolcolid, equivalenciastipoid, disponible) VALUES (76, '3191622741926120200702', 6207039, 0, 0, 0, NULL, 5, 1034, 23, 1, 10, 8, NULL, NULL, 10, 592961);
-- INSERT INTO cirbes (cirbeid, operacion, dispuesto, participantes, importes, demora, contratoid, documentoid, equivalenciasentidadid, equivalenciasmonedaid, equivalenciasnatintervid, equivalenciasplazoid, equivalenciasproductoid, equivalenciassituoperid, equivalenciassolcolid, equivalenciastipoid, disponible) VALUES (77, '030TCR9612324264620', 34, 0, 0, 0, NULL, 5, 2042, 23, 1, 7, 11, NULL, NULL, 10, 0);
-- INSERT INTO cirbes (cirbeid, operacion, dispuesto, participantes, importes, demora, contratoid, documentoid, equivalenciasentidadid, equivalenciasmonedaid, equivalenciasnatintervid, equivalenciasplazoid, equivalenciasproductoid, equivalenciassituoperid, equivalenciassolcolid, equivalenciastipoid, disponible) VALUES (78, '030TCR9612812181654', 2110, 0, 0, 0, NULL, 5, 2042, 23, 1, 7, 11, NULL, NULL, 10, 14895);


SET IDENTITY_INSERT cirbes OFF

DELETE FROM cirbepersonales;

SET IDENTITY_INSERT cirbepersonales ON

INSERT INTO cirbepersonales (cirbepersonalid, cirbeid, equivalenciaspersonalid) VALUES
	(1, 1, 2),
	(2, 1, 26),
	(3, 6, 2),
	(4, 6, 26),
	(5, 7, 2),
	(6, 7, 26),
	(7, 10, 2),
	(8, 10, 26),
	(9, 13, 2),
	(10, 13, 26),
	(11, 14, 2),
	(12, 14, 26),
	(13, 17, 2),
	(14, 17, 26),
	(15, 18, 2),
	(16, 18, 26),
	(17, 23, 2),
	(18, 23, 26),
	(19, 24, 2),
	(20, 24, 26),
	(21, 33, 2),
	(22, 33, 26),
	(23, 50, 2),
	(24, 50, 26),
	(25, 52, 2),
	(26, 52, 26),
	(27, 53, 2),
	(28, 53, 26),
	(29, 60, 2),
	(30, 60, 26),
	(31, 61, 25),
	(32, 61, 26),
	(33, 76, 2),
	(34, 76, 26);


SET IDENTITY_INSERT cirbepersonales OFF

DELETE FROM cirbereales;

SET IDENTITY_INSERT cirbereales ON

-- INSERT INTO cirbereales (cirberealid, cirbeid, equivalenciasrealid) VALUES
-- 	(1, 1, 20),
-- 	(2, 2, 20),
-- 	(3, 3, 20),
-- 	(4, 4, 20),
-- 	(5, 5, 20),
-- 	(6, 6, 20),
-- 	(7, 7, 20),
-- 	(8, 8, 20),
-- 	(9, 9, 20),
-- 	(10, 10, 20),
-- 	(11, 11, 20),
-- 	(12, 12, 20),
-- 	(13, 13, 20),
-- 	(14, 14, 20),
-- 	(15, 15, 20),
-- 	(16, 16, 20),
-- 	(17, 17, 20),
-- 	(18, 18, 20),
-- 	(19, 19, 20),
-- 	(20, 20, 20),
-- 	(21, 21, 20),
-- 	(22, 22, 20),
-- 	(23, 23, 20),
-- 	(24, 24, 20),
-- 	(25, 25, 20),
-- 	(26, 26, 20),
-- 	(27, 27, 20),
-- 	(28, 28, 20),
-- 	(29, 29, 20),
-- 	(30, 30, 20),
-- 	(31, 31, 20),
-- 	(32, 32, 20),
-- 	(33, 33, 20),
-- 	(34, 34, 20),
-- 	(35, 35, 20),
-- 	(36, 36, 20),
-- 	(37, 37, 20),
-- 	(38, 38, 20),
-- 	(39, 39, 20),
-- 	(40, 40, 20),
-- 	(41, 41, 20),
-- 	(42, 42, 20),
-- 	(43, 43, 20),
-- 	(44, 44, 20),
-- 	(45, 45, 20),
-- 	(46, 46, 20),
-- 	(47, 47, 20),
-- 	(48, 48, 20),
-- 	(49, 49, 20),
-- 	(50, 50, 20),
-- 	(51, 51, 20),
-- 	(52, 52, 20),
-- 	(53, 53, 20),
-- 	(54, 54, 20),
-- 	(55, 55, 20),
-- 	(56, 56, 20),
-- 	(57, 57, 20),
-- 	(58, 58, 20),
-- 	(59, 59, 20),
-- 	(60, 60, 20),
-- 	(61, 61, 20),
-- 	(62, 62, 20),
-- 	(63, 63, 20),
-- 	(64, 64, 20),
-- 	(65, 65, 20),
-- 	(66, 66, 20),
-- 	(67, 67, 20),
-- 	(68, 68, 20),
-- 	(69, 69, 20),
-- 	(70, 70, 20),
-- 	(71, 71, 20),
-- 	(72, 72, 21),
-- 	(73, 72, 26),
-- 	(74, 73, 20),
-- 	(75, 74, 20),
-- 	(76, 75, 22),
-- 	(77, 75, 26),
-- 	(78, 76, 20),
-- 	(79, 77, 20),
-- 	(80, 78, 20);

SET IDENTITY_INSERT cirbereales OFF

DELETE FROM contabilidades;

SET IDENTITY_INSERT contabilidades ON

INSERT INTO contabilidades (contabilidadid, concepto, magnitud, codigo, documentoid) VALUES
	(1, 'inmovilizado intangible', 82034.51, '00102', 1),
	(2, 'inmovilizado material', 24388873.4, '00111', 1),
	(3, 'inversiones inmobiliarias', 0, '00115', 1),
	(4, 'inversiones en empresas del grupo y asociadas a largo plazo', 239399.1, '00118', 1),
	(5, 'inversiones financieras a largo plazo', 90731.36, '00126', 1),
	(6, 'activos por impuesto diferido', 40527.75, '00134', 1),
	(7, 'deudores comerciales no corrientes', 0, '00135', 1),
	(8, 'activos no corrientes mantenidos para la venta', 0, '00137', 1),
	(9, 'existencias', 28120271.24, '00138', 1),
	(10, 'clientes por ventas y prestaciones de servicios', 3561672.78, '00150', 1),
	(11, 'accionistas (socios) por desembolsos exigidos', 360.6, '00158', 1),
	(12, 'otros deudores', 278325.25, '00159', 1),
	(13, 'inversiones en empresas del grupo y asociadas a corto plazo', 0, '00160', 1),
	(14, 'inversiones financieras a corto plazo', 0, '00168', 1),
	(15, 'periodificaciones a corto plazo_activo', 347270.25, '00176', 1),
	(16, 'efectivo y otros activos liquidos equivalentes', 378289.61, '00177', 1),
	(17, 'capital', 3342147.44, '00187', 1),
	(18, 'prima de emision', 0, '00190', 1),
	(19, 'reservas', 3405658.19, '00191', 1),
	(20, 'acciones y participaciones en patrimonio propias', 0, '00194', 1),
	(21, 'resultados de ejercicios anteriores', 0, '00195', 1),
	(22, 'otras aportaciones de socios', 0, '00198', 1),
	(23, 'resultado del ejercicio', 164305.03, '00199', 1),
	(24, 'dividendo a cuenta', 0, '00200', 1),
	(25, 'otros instrumentos de patrimonio neto', 0, '00201', 1),
	(26, 'ajustes por cambios de valor', 0, '00202', 1),
	(27, 'subvenciones, donaciones y legados recibidos', 3752077.99, '00209', 1),
	(28, 'provisiones a largo plazo', 0, '00211', 1),
	(29, 'deudas con entidades de credito a largo plazo', 23991524.65, '00218', 1),
	(30, 'acreedores por arrendamiento financiero a largo plazo', 1849626.01, '00219', 1),
	(31, 'otras deudas a largo plazo', 153840.21, '00222', 1),
	(32, 'deudas con empresas del grupo y asociadas a largo plazo', 0, '00223', 1),
	(33, 'pasivos por impuesto diferido', 416896.44, '00224', 1),
	(34, 'periodificaciones a largo plazo', 0, '00225', 1),
	(35, 'acreedores comerciales no corrientes', 0, '00226', 1),
	(36, 'deuda con caracteristicas especiales a largo plazo', 0, '00227', 1),
	(37, 'pasivos vinculados con activos no corrientes mantenidos para la venta', 0, '00229', 1),
	(38, 'provisiones a corto plazo', 0, '00230', 1),
	(39, 'deudas con entidades de credito a corto plazo', 3610556.89, '00233', 1),
	(40, 'acreedores por arrendamiento financiero a corto plazo', 419166.82, '00234', 1),
	(41, 'otras deudas a corto plazo', -18669.51, '00237', 1),
	(42, 'deudas con empresas del grupo y asociadas a corto plazo', 18030.36, '00238', 1),
	(43, 'acreedores comerciales y otras cuentas a pagar', 16016687.33, '00239', 1),
	(44, 'periodificaciones a corto plazo_pasivo', 405908, '00250', 1),
	(45, 'deuda con caracteristicas especiales a corto plazo', 0, '00251', 1),
	(46, 'importe neto de la cifra de negocios', 15924866.5, '00255', 1),
	(47, 'variacion de existencias de productos terminados y en curso de fabricacion', 1587533.44, '00258', 1),
	(48, 'trabajos realizados por la empresa para su activo', 0, '00259', 1),
	(49, 'aprovisionamientos', -9594488.5, '00260', 1),
	(50, 'otros ingresos de explotacion', 649715.1, '00265', 1),
	(51, 'gastos de personal', -3237779.04, '00270', 1),
	(52, 'otros gastos de explotacion', -3328023.08, '00279', 1),
	(53, 'amortizacion del inmovilizado', -1776723.6, '00284', 1),
	(54, 'imputacion de subvenciones de inmovilizado no financiero y otras', 439708.75, '00285', 1),
	(55, 'excesos de provisiones', 0, '00286', 1),
	(56, 'deterioro y resultado por enajenaciones del inmovilizado', 2862.47, '00287', 1),
	(57, 'diferencia negativa de combinaciones de negocio', 0, '00294', 1),
	(58, 'otros resultados', 35523.89, '00295', 1),
	(59, 'ingresos financieros', 0, '00297', 1),
	(60, 'gastos financieros', -528727.11, '00305', 1),
	(61, 'variacion de valor razonable en instrumentos financieros', 0, '00309', 1),
	(62, 'diferencias de cambio', -10386.83, '00312', 1),
	(63, 'deterioro y resultado por enajenaciones de instrumentos financieros', 0, '00313', 1),
	(64, 'otros ingresos y gastos de caracter financiero', 223.04, '00329', 1),
	(65, 'impuestos sobre beneficios', 0, '00326', 1),
	(66, 'resultado del ejercicio procedente de operaciones interrumpidas neto de impuestos', 0, NULL, 1),
	(67, 'deudores comerciales y otras cuentas a cobrar', 3840358.63, '00149', 1),
	(68, 'deudas sin entidades de credito a largo plazo', 2003466.22, NULL, 1),
	(69, 'deudas a largo plazo', 25994990.87, '00216', 1),
	(70, 'deudas sin entidades de credito a corto plazo', 400497.31, NULL, 1),
	(71, 'deudas a corto plazo', 4011054.2, '00231', 1),
	(72, 'activo no corriente', 24841566.12, NULL, 1),
	(73, 'activo corriente', 32686189.73, NULL, 1),
	(74, 'patrimonio neto', 10664188.65, NULL, 1),
	(75, 'otros fondos', 3752077.99, NULL, 1),
	(76, 'pasivo no corriente', 26411887.31, NULL, 1),
	(77, 'pasivo corriente', 20451679.89, NULL, 1),
	(78, 'ventas sin aprovisionamientos', 18162115.04, NULL, 1),
	(79, 'costes fijos', -6565802.12, NULL, 1),
	(80, 'resultado de explotacion', 703195.93, NULL, 1),
	(81, 'resultado financiero', -538890.9, NULL, 1),
	(82, 'total activo', 57527755.85, NULL, 1),
	(83, 'total patrimonio neto y pasivo', 57363450.82, NULL, 1),
	(84, 'resultado antes de impuestos', 164305.03, NULL, 1),
	(85, 'resultado del ejercicio procedente de operaciones continuadas', 164305.03, NULL, 1),
	(86, 'resultado de la cuenta de perdidas y ganancias', 164305.03, NULL, 1),
	(87, 'inmovilizado intangible', 175872.85, '00102', 2),
	(88, 'inmovilizado material', 22939910.77, '00111', 2),
	(89, 'inversiones inmobiliarias', 0, '00115', 2),
	(90, 'inversiones en empresas del grupo y asociadas a largo plazo', 239399.1, '00118', 2),
	(91, 'inversiones financieras a largo plazo', 97711.46, '00126', 2),
	(92, 'activos por impuesto diferido', 40527.75, '00134', 2),
	(93, 'deudores comerciales no corrientes', 0, '00135', 2),
	(94, 'activos no corrientes mantenidos para la venta', 0, '00137', 2),
	(95, 'existencias', 19415668.96, '00138', 2),
	(96, 'clientes por ventas y prestaciones de servicios', 4825103.81, '00150', 2),
	(97, 'accionistas (socios) por desembolsos exigidos', 360.6, '00158', 2),
	(98, 'otros deudores', 105047.25, '00159', 2),
	(99, 'inversiones en empresas del grupo y asociadas a corto plazo', 0, '00160', 2),
	(100, 'inversiones financieras a corto plazo', 0, '00168', 2),
	(101, 'periodificaciones a corto plazo_activo', 221019.11, '00176', 2),
	(102, 'efectivo y otros activos liquidos equivalentes', 141236.27, '00177', 2),
	(103, 'capital', 2652614.04, '00187', 2),
	(104, 'prima de emision', 0, '00190', 2),
	(105, 'reservas', 631442.27, '00191', 2),
	(106, 'acciones y participaciones en patrimonio propias', 0, '00194', 2),
	(107, 'resultados de ejercicios anteriores', 0, '00195', 2),
	(108, 'otras aportaciones de socios', 0, '00198', 2),
	(109, 'resultado del ejercicio', -2921507.07, '00199', 2),
	(110, 'dividendo a cuenta', 0, '00200', 2),
	(111, 'otros instrumentos de patrimonio neto', 0, '00201', 2),
	(112, 'ajustes por cambios de valor', 0, '00202', 2),
	(113, 'subvenciones, donaciones y legados recibidos', 3352766.49, '00209', 2),
	(114, 'provisiones a largo plazo', 0, '00211', 2),
	(115, 'deudas con entidades de credito a largo plazo', 23317883.3, '00218', 2),
	(116, 'acreedores por arrendamiento financiero a largo plazo', 1432722.53, '00219', 2),
	(117, 'otras deudas a largo plazo', 160181.71, '00222', 2),
	(118, 'deudas con empresas del grupo y asociadas a largo plazo', 0, '00223', 2),
	(119, 'pasivos por impuesto diferido', 372528.5, '00224', 2),
	(120, 'periodificaciones a largo plazo', 0, '00225', 2),
	(121, 'acreedores comerciales no corrientes', 0, '00226', 2),
	(122, 'deuda con caracteristicas especiales a largo plazo', 0, '00227', 2),
	(123, 'pasivos vinculados con activos no corrientes mantenidos para la venta', 0, '00229', 2),
	(124, 'provisiones a corto plazo', 0, '00230', 2),
	(125, 'deudas con entidades de credito a corto plazo', 4956426, '00233', 2),
	(126, 'acreedores por arrendamiento financiero a corto plazo', 417921.82, '00234', 2),
	(127, 'otras deudas a corto plazo', -61720.57, '00237', 2),
	(128, 'deudas con empresas del grupo y asociadas a corto plazo', 18030.36, '00238', 2),
	(129, 'acreedores comerciales y otras cuentas a pagar', 13336684.47, '00239', 2),
	(130, 'periodificaciones a corto plazo_pasivo', 535884.08, '00250', 2),
	(131, 'deuda con caracteristicas especiales a corto plazo', 0, '00251', 2),
	(132, 'importe neto de la cifra de negocios', 20458711.46, '00255', 2),
	(133, 'variacion de existencias de productos terminados y en curso de fabricacion', -5114524.28, '00258', 2),
	(134, 'trabajos realizados por la empresa para su activo', 0, '00259', 2),
	(135, 'aprovisionamientos', -10119142.6, '00260', 2),
	(136, 'otros ingresos de explotacion', 240641.79, '00265', 2),
	(137, 'gastos de personal', -3111732.54, '00270', 2),
	(138, 'otros gastos de explotacion', -3140478.43, '00279', 2),
	(139, 'amortizacion del inmovilizado', -1833033.97, '00284', 2),
	(140, 'imputacion de subvenciones de inmovilizado no financiero y otras', 443679.44, '00285', 2),
	(141, 'excesos de provisiones', 0, '00286', 2),
	(142, 'deterioro y resultado por enajenaciones del inmovilizado', 0, '00287', 2),
	(143, 'diferencia negativa de combinaciones de negocio', 0, '00294', 2),
	(144, 'otros resultados', 30991.71, '00295', 2),
	(145, 'ingresos financieros', 0, '00297', 2),
	(146, 'gastos financieros', -775014.95, '00305', 2),
	(147, 'variacion de valor razonable en instrumentos financieros', 0, '00309', 2),
	(148, 'diferencias de cambio', -2033.13, '00312', 2),
	(149, 'deterioro y resultado por enajenaciones de instrumentos financieros', 0, '00313', 2),
	(150, 'otros ingresos y gastos de caracter financiero', 428.43, '00329', 2),
	(151, 'impuestos sobre beneficios', 0, '00326', 2),
	(152, 'resultado del ejercicio procedente de operaciones interrumpidas neto de impuestos', 0, NULL, 2),
	(153, 'deudores comerciales y otras cuentas a cobrar', 4930511.66, '00149', 2),
	(154, 'deudas sin entidades de credito a largo plazo', 1592904.24, NULL, 2),
	(155, 'deudas a largo plazo', 24910787.54, '00216', 2),
	(156, 'deudas sin entidades de credito a corto plazo', 356201.25, NULL, 2),
	(157, 'deudas a corto plazo', 5312627.25, '00231', 2),
	(158, 'activo no corriente', 23493421.93, NULL, 2),
	(159, 'activo corriente', 24708436, NULL, 2),
	(160, 'patrimonio neto', 3715315.73, NULL, 2),
	(161, 'otros fondos', 3352766.49, NULL, 2),
	(162, 'pasivo no corriente', 25283316.04, NULL, 2),
	(163, 'pasivo corriente', 19203226.16, NULL, 2),
	(164, 'ventas sin aprovisionamientos', 15584828.97, NULL, 2),
	(165, 'costes fijos', -6252210.97, NULL, 2),
	(166, 'resultado de explotacion', -2144887.42, NULL, 2),
	(167, 'resultado financiero', -776619.65, NULL, 2),
	(168, 'total activo', 48201857.93, NULL, 2),
	(169, 'total patrimonio neto y pasivo', 51123365, NULL, 2),
	(170, 'resultado antes de impuestos', -2921507.07, NULL, 2),
	(171, 'resultado del ejercicio procedente de operaciones continuadas', -2921507.07, NULL, 2),
	(172, 'resultado de la cuenta de perdidas y ganancias', -2921507.07, NULL, 2),
	(173, 'activo no corriente', 24301463.43, '00101', 3),
	(174, 'inmovilizado intangible', 97747.98, '00102', 3),
	(175, 'desarrollo', 0, '00103', 3),
	(176, 'concesiones', 0, '00104', 3),
	(177, 'patentes, licencias, marcas y similares', 11683.3, '00105', 3),
	(178, 'fondo de comercio', 0, '00106', 3),
	(179, 'aplicaciones informaticas', 86064.68, '00107', 3),
	(180, 'investigacion', 0, '00108', 3),
	(181, 'propiedad intelectual', 0, '00700', 3),
	(182, 'otro inmovilizado intangible', 0, '00109', 3),
	(183, 'resto', 0, '00110', 3),
	(184, 'inmovilizado material', 23834954.51, '00111', 3),
	(185, 'terrenos y construcciones', 8448948.24, '00112', 3),
	(186, 'instalaciones tecnicas y otro inmovilizado material', 15386006.27, '00113', 3),
	(187, 'inmovilizado en curso y anticipos', 0, '00114', 3),
	(188, 'inversiones inmobiliarias', 0, '00115', 3),
	(189, 'terrenos', 0, '00116', 3),
	(190, 'construcciones', 0, '00117', 3),
	(191, 'inversiones en empresas del grupo y asociadas a largo plazo', 26725.36, '00118', 3),
	(192, 'instrumentos de patrimonio con grupo largo plazo', 26725.36, '00119', 3),
	(193, 'creditos a empresas con grupo largo plazo', 0, '00120', 3),
	(194, 'valores representativos de deuda con grupo largo plazo', 0, '00121', 3),
	(195, 'derivados con grupo largo plazo', 0, '00122', 3),
	(196, 'otros activos financieros con grupo largo plazo', 0, '00123', 3),
	(197, 'otras inversiones con grupo largo plazo', 0, '00124', 3),
	(198, 'resto inversiones con grupo largo plazo', 0, '00125', 3),
	(199, 'inversiones financieras a largo plazo', 301507.83, '00126', 3),
	(200, 'instrumentos de patrimonio largo plazo', 296488.23, '00127', 3),
	(201, 'creditos a terceros', 0, '00128', 3),
	(202, 'valores representativos de deuda largo plazo', 0, '00129', 3),
	(203, 'derivados inversiones largo plazo', 0, '00130', 3),
	(204, 'otros activos financieros largo plazo', 5019.6, '00131', 3),
	(205, 'otras inversiones largo plazo', 0, '00132', 3),
	(206, 'resto inversiones largo plazo', 0, '00133', 3),
	(207, 'activos por impuesto diferido', 40527.75, '00134', 3),
	(208, 'deudores comerciales no corrientes', 0, '00135', 3),
	(209, 'activo corriente', 32872002.78, '00136', 3),
	(210, 'activos no corrientes mantenidos para la venta', 0, '00137', 3),
	(211, 'existencias', 26532737.8, '00138', 3),
	(212, 'comerciales', 0, '00139', 3),
	(213, 'materias primas y otros aprovisionamientos', 1234376.23, '00140', 3),
	(214, 'productos en curso', 24228811.03, '00141', 3),
	(215, 'de ciclo largo de produccion en curso', 0, '00142', 3),
	(216, 'de ciclo corto de produccion en cruso', 24228811.03, '00143', 3),
	(217, 'productos terminados', 1069550.54, '00144', 3),
	(218, 'de ciclo largo de produccion terminados', 0, '00145', 3),
	(219, 'de ciclo corto de produccion terminados', 1069550.54, '00146', 3),
	(220, 'subproductos, residuos y materiales recuperados', 0, '00147', 3),
	(221, 'anticipos a proveedores', 0, '00148', 3),
	(222, 'derechos de emision de gases de efecto invernadero', 0, '00701', 3),
	(223, 'deudores comerciales y otras cuentas a cobrar', 4898604.03, '00149', 3),
	(224, 'clientes por ventas y prestaciones de servicios', 3639997.36, '00150', 3),
	(225, 'clientes por ventas y prestaciones de servicios a largo plazo', 0, '00151', 3),
	(226, 'clientes por ventas y prestaciones de servicios a corto plazo', 3639997.36, '00152', 3),
	(227, 'clientes empresas del grupo y asociadas', 0, '00153', 3),
	(228, 'deudores varios', 1949.31, '00154', 3),
	(229, 'personal', 601.02, '00155', 3),
	(230, 'activos por impuesto corriente', 41730.44, '00156', 3),
	(231, 'otros creditos con las administraciones publicas', 1213965.3, '00157', 3),
	(232, 'accionistas (socios) por desembolsos exigidos', 360.6, '00158', 3),
	(233, 'otros deudores', 0, '00159', 3),
	(234, 'inversiones en empresas del grupo y asociadas a corto plazo', 0, '00160', 3),
	(235, 'instrumentos de patrimonio con grupo corto plazo', 0, '00161', 3),
	(236, 'creditos a empresas con grupo corto plazo', 0, '00162', 3),
	(237, 'valores representativos de deuda con grupo corto plazo', 0, '00163', 3),
	(238, 'derivados con grupo corto plazo', 0, '00164', 3),
	(239, 'otros activos financieros con grupo corto plazo', 0, '00165', 3),
	(240, 'otras inversiones con grupo corto plazo', 0, '00166', 3),
	(241, 'resto inversiones con grupo corto plazo', 0, '00167', 3),
	(242, 'inversiones financieras a corto plazo', 0, '00168', 3),
	(243, 'instrumentos de patrimonio corto plazo', 0, '00169', 3),
	(244, 'creditos a empresas', 0, '00170', 3),
	(245, 'valores representativos de deuda corto plazo', 0, '00171', 3),
	(246, 'derivados inversiones corto plazo', 0, '00172', 3),
	(247, 'otros activos financieros corto plazo', 0, '00173', 3),
	(248, 'otras inversiones corto plazo', 0, '00174', 3),
	(249, 'resto inversiones corto plazo', 0, '00175', 3),
	(250, 'periodificaciones a corto plazo_activo', 454722.73, '00176', 3),
	(251, 'efectivo y otros activos liquidos equivalentes', 985938.22, '00177', 3),
	(252, 'tesoreria', 985938.22, '00178', 3),
	(253, 'otros activos liquidos equivalentes', 0, '00179', 3),
	(254, 'total activo', 57173466.21, '00180', 3),
	(255, 'patrimonio neto', 10764083.48, '00185', 3),
	(256, 'fondos propios', 6736941.79, '00186', 3),
	(257, 'capital', 3345587.91, '00187', 3),
	(258, 'capital escriturado', 3373161.91, '00188', 3),
	(259, 'capital no exigido', -27574, '00189', 3),
	(260, 'prima de emision', 0, '00190', 3),
	(261, 'reservas', 2981924.39, '00191', 3),
	(262, 'legal y estatutarias', 1120381.31, '00192', 3),
	(263, 'otras reservas', 1861543.08, '00193', 3),
	(264, 'reserva de revalorizacion', 0, '00702', 3),
	(265, 'reserva de capitalizacion', 0, '01001', 3),
	(266, 'reserva de nivelacion', 0, '01002', 3),
	(267, 'acciones y participaciones en patrimonio propias', 0, '00194', 3),
	(268, 'resultados de ejercicios anteriores', 0, '00195', 3),
	(269, 'remanente', 0, '00196', 3),
	(270, 'resultados negativos de ejercicios anteriores', 0, '00197', 3),
	(271, 'otras aportaciones de socios', 0, '00198', 3),
	(272, 'resultado del ejercicio', 409429.49, '00199', 3),
	(273, 'dividendo a cuenta', 0, '00200', 3),
	(274, 'otros instrumentos de patrimonio neto', 0, '00201', 3),
	(275, 'ajustes por cambios de valor', 0, '00202', 3),
	(276, 'activos financieros disponibles para la venta', 0, '00203', 3),
	(277, 'operaciones de cobertura', 0, '00204', 3),
	(278, 'activos no corrientes y pasivos vinculados, mantenidos para la venta', 0, '00205', 3),
	(279, 'diferencia de conversion', 0, '00206', 3),
	(280, 'otros', 0, '00207', 3),
	(281, 'ajustes en patrimonio neto', 0, '00208', 3),
	(282, 'subvenciones, donaciones y legados recibidos', 4027141.69, '00209', 3),
	(283, 'pasivo no corriente', 18251182.37, '00210', 3),
	(284, 'provisiones a largo plazo', 0, '00211', 3),
	(285, 'obligaciones por prestaciones a largo plazo al personal', 0, '00212', 3),
	(286, 'actuaciones medioambientales', 0, '00213', 3),
	(287, 'provisiones por reestructuracion', 0, '00214', 3),
	(288, 'otras provisiones largo plazo', 0, '00215', 3),
	(289, 'deudas a largo plazo', 9061155.96, '00216', 3),
	(290, 'obligaciones y otros valores negociables largo plazo', 0, '00217', 3),
	(291, 'deudas con entidades de credito a largo plazo', 7750998.3, '00218', 3),
	(292, 'acreedores por arrendamiento financiero a largo plazo', 1310157.66, '00219', 3),
	(293, 'derivados deuda largo plazo', 0, '00220', 3),
	(294, 'otros pasivos financieros largo plazo', 0, '00221', 3),
	(295, 'otras deudas a largo plazo', 0, '00222', 3),
	(296, 'deudas con empresas del grupo y asociadas a largo plazo', 104634.19, '00223', 3),
	(297, 'pasivos por impuesto diferido', 447459.07, '00224', 3),
	(298, 'periodificaciones a largo plazo', 0, '00225', 3),
	(299, 'acreedores comerciales no corrientes', 8637933.15, '00226', 3),
	(300, 'deuda con caracteristicas especiales a largo plazo', 0, '00227', 3),
	(301, 'pasivo corriente', 28158200.36, '00228', 3),
	(302, 'pasivos vinculados con activos no corrientes mantenidos para la venta', 4589.95, '00229', 3),
	(303, 'provisiones a corto plazo', 0, '00230', 3),
	(304, 'provisiones por derechos de emision de gases de efecto invernadero', 0, '00703', 3),
	(305, 'otras provisiones corto plazo', 0, '00704', 3),
	(306, 'deudas a corto plazo', 13778486.95, '00231', 3),
	(307, 'obligaciones y otros valores negociables a corto plazo', 0, '00232', 3),
	(308, 'deudas con entidades de credito a corto plazo', 13356106.7, '00233', 3),
	(309, 'acreedores por arrendamiento financiero a corto plazo', 262595.44, '00234', 3),
	(310, 'derivados deuda corto plazo', 0, '00235', 3),
	(311, 'otros pasivos financieros corto plazo', 159784.81, '00236', 3),
	(312, 'otras deudas a corto plazo', 0, '00237', 3),
	(313, 'deudas con empresas del grupo y asociadas a corto plazo', 18030.36, '00238', 3),
	(314, 'acreedores comerciales y otras cuentas a pagar', 14289508.3, '00239', 3),
	(315, 'proveedores', 2035011.5, '00240', 3),
	(316, 'proveedores a largo plazo', 0, '00241', 3),
	(317, 'proveedores a corto plazo', 2035011.5, '00242', 3),
	(318, 'proveedores, empresas del grupo y asociadas', 10441254.05, '00243', 3),
	(319, 'acreedores varios', 1092663.35, '00244', 3),
	(320, 'personal (remuneraciones pendientes de pago)', 0, '00245', 3),
	(321, 'pasivos por impuesto corriente', 166.34, '00246', 3),
	(322, 'otras deudas con las administraciones publicas', 720413.06, '00247', 3),
	(323, 'anticipos de clientes', 0, '00248', 3),
	(324, 'otros acreedores', 0, '00249', 3),
	(325, 'periodificaciones a corto plazo_pasivo', 67584.8, '00250', 3),
	(326, 'deuda con caracteristicas especiales a corto plazo', 0, '00251', 3),
	(327, 'total patrimonio neto y pasivo', 57173466.21, '00252', 3),
	(328, 'importe neto de la cifra de negocios', 19470733.76, '00255', 3),
	(329, 'ventas', 19423726.86, '00256', 3),
	(330, 'prestaciones de servicios', 47006.9, '00257', 3),
	(331, 'ingresos de caracter financiero de las entidades concesionarias de infraestructuras publicas', 0, '00711', 3),
	(332, 'ingresos de caracter financiero de las sociedades holding', 0, '00705', 3),
	(333, 'ingresos de participaciones en instrumentos de patrimonio', 0, '00706', 3),
	(334, 'ingresos de negocios de valores negociables y otros instrumentos financieros', 0, '00707', 3),
	(335, 'resto ingresos', 0, '00708', 3),
	(336, 'variacion de existencias de productos terminados y en curso de fabricacion', 2002560.26, '00258', 3),
	(337, 'trabajos realizados por la empresa para su activo', 0, '00259', 3),
	(338, 'aprovisionamientos', -12551349.95, '00260', 3),
	(339, 'consumo de mercaderias', 0, '00261', 3),
	(340, 'compras de mercaderias', 0, '00760', 3),
	(341, 'variacion de existencias', 0, '00761', 3),
	(342, 'consumo de materias primas y otras materias consumibles', -12493457.26, '00262', 3),
	(343, 'compras de materias primas y otras materias consumibles', -12493457.26, '00762', 3),
	(344, 'variacion de materias primas y otras materias consumibles', 0, '00763', 3),
	(345, 'trabajos realizados por otras empresas', -57892.69, '00263', 3),
	(346, 'deterioro de mercaderias, materias primas y otros aprovisionamientos', 0, '00264', 3),
	(347, 'otros ingresos de explotacion', 316295.7, '00265', 3),
	(348, 'ingresos accesorios y otros de gestion corriente', 250965.12, '00266', 3),
	(349, 'ingresos por arrendamientos', 3300, '00267', 3),
	(350, 'resto otros ingresos', 247665.12, '00268', 3),
	(351, 'subvenciones de explotacion incorporadas al resultado del ejercicio', 65330.58, '00269', 3),
	(352, 'gastos de personal', -3314394.03, '00270', 3),
	(353, 'sueldos, salarios y asimilados', -2563571.07, '00271', 3),
	(354, 'indemnizaciones', 0, '00273', 3),
	(355, 'seguridad social a cargo de la empresa', -750822.96, '00274', 3),
	(356, 'retribuciones a largo plazo mediante sistemas de aportacion o prestacion definida', 0, '00275', 3),
	(357, 'retribuciones mediante instrumentos de patrimonio', 0, '00276', 3),
	(358, 'otros gastos sociales', 0, '00277', 3),
	(359, 'provisiones', 0, '00278', 3),
	(360, 'otros gastos de explotacion', -4026043.87, '00279', 3),
	(361, 'servicios exteriores', -3995153.21, '00280', 3),
	(362, 'tributos', -29442.14, '00281', 3),
	(363, 'perdidas, deterioro y variacion de provisiones por operaciones comerciales', -1448.52, '00282', 3),
	(364, 'otros gastos de gestion corriente', 0, '00283', 3),
	(365, 'gastos por emision de gases de efecto invernadero', 0, '00709', 3),
	(366, 'amortizacion del inmovilizado', -1606096.25, '00284', 3),
	(367, 'imputacion de subvenciones de inmovilizado no financiero y otras', 388092.44, '00285', 3),
	(368, 'excesos de provisiones', 0, '00286', 3),
	(369, 'deterioro y resultado por enajenaciones del inmovilizado', 67300, '00287', 3),
	(370, 'deterioro y perdidas', 0, '00288', 3),
	(371, 'deterioros', 0, '00289', 3),
	(372, 'reversion de deterioros', 0, '00290', 3),
	(373, 'resultados por enajenaciones y otras', 67300, '00291', 3),
	(374, 'beneficios', 67300, '00292', 3),
	(375, 'perdidas', 0, '00293', 3),
	(376, 'deterioro y resultados por enajenaciones del inmovilizado de las sociedades holding', 0, '00710', 3),
	(377, 'diferencia negativa de combinaciones de negocio', 0, '00294', 3),
	(378, 'otros resultados', -24206.66, '00295', 3),
	(379, 'resultado de explotacion', 722891.4, '00296', 3),
	(380, 'ingresos financieros', 7496.1, '00297', 3),
	(381, 'ingresos financieros de participaciones en instrumentos de patrimonio', 0, '00298', 3),
	(382, 'en empresas del grupo y asociadas', 0, '00299', 3),
	(383, 'en terceros', 0, '00300', 3),
	(384, 'ingresos financieros de valores negociables y otros instrumentos financieros', 7496.1, '00301', 3),
	(385, 'de empresas del grupo y asociadas', 0, '00302', 3),
	(386, 'de terceros', 7496.1, '00303', 3),
	(387, 'imputacion de subvenciones, donaciones y legados de caracter financiero', 0, '00304', 3),
	(388, 'gastos financieros', -348847.07, '00305', 3),
	(389, 'por deudas con empresas del grupo y asociadas', 0, '00306', 3),
	(390, 'por deudas con terceros', -348847.07, '00307', 3),
	(391, 'por actualizacion de provisiones', 0, '00308', 3),
	(392, 'variacion de valor razonable en instrumentos financieros', 0, '00309', 3),
	(393, 'cartera de negociacion y otros', 0, '00310', 3),
	(394, 'imputacion al resultado del ejercicio por activos financieros disponibles para la venta', 0, '00311', 3),
	(395, 'diferencias de cambio', 39959.19, '00312', 3),
	(396, 'deterioro y resultado por enajenaciones de instrumentos financieros', 0, '00313', 3),
	(397, 'deterioros y perdidas', 0, '00314', 3),
	(398, 'deterioros, otras empresas', 0, '00316', 3),
	(399, 'deterioros, empresas del grupo, asociadas y vinculadas', 0, '00315', 3),
	(400, 'reversion de deterioros, otras empresas', 0, '00318', 3),
	(401, 'reversion de deterioros, empresas del grupo, asociadas y vinculadas', 0, '00317', 3),
	(402, 'resultados por enajenaciones y otras', 0, '00319', 3),
	(403, 'beneficios, empresas del grupo, asociadas y vinculadas', 0, '00320', 3),
	(404, 'perdidas, otras empresas', 0, '00322', 3),
	(405, 'perdidas, otras empresas', 0, '00323', 3),
	(406, 'perdidas, empresas del grupo, asociadas y vinculadas', 0, '00321', 3),
	(407, 'otros ingresos y gastos de caracter financiero', 0, '00329', 3),
	(408, 'incorporacion al activo de gastos financieros', 0, '00330', 3),
	(409, 'ingresos financieros derivados de convenios de acreedores', 0, '00331', 3),
	(410, 'resto de ingresos y gastos', 0, '00332', 3),
	(411, 'resultado financiero', -301391.78, '00324', 3),
	(412, 'resultado antes de impuestos', 421499.62, '00325', 3),
	(413, 'impuestos sobre beneficios', -12070.13, '00326', 3),
	(414, 'resultado del ejercicio procedente de operaciones continuadas', 409429.49, '00327', 3),
	(415, 'resultado del ejercicio procedente de operaciones interrumpidas neto de impuestos', 0, '00328', 3),
	(416, 'resultado de la cuenta de perdidas y ganancias', 409429.49, '00500', 3),
	(417, 'deudas sin entidades de credito a largo plazo', 1310157.66, '', 3),
	(418, 'deudas sin entidades de credito a corto plazo', 422380.25, '', 3),
	(419, 'otros fondos', 23497875.45, '', 3),
	(420, 'ventas sin aprovisionamientos', 2318855.96, '', 3),
	(421, 'costes fijos', -7340437.9, '', 3),
	(422, 'activo no corriente', 24841566.12, '00101', 4),
	(423, 'inmovilizado intangible', 82034.51, '00102', 4),
	(424, 'desarrollo', 0, '00103', 4),
	(425, 'concesiones', 0, '00104', 4),
	(426, 'patentes, licencias, marcas y similares', 14810.16, '00105', 4),
	(427, 'fondo de comercio', 0, '00106', 4),
	(428, 'aplicaciones informaticas', 67224.35, '00107', 4),
	(429, 'investigacion', 0, '00108', 4),
	(430, 'propiedad intelectual', 0, '00700', 4),
	(431, 'otro inmovilizado intangible', 0, '00109', 4),
	(432, 'resto', 0, '00110', 4),
	(433, 'inmovilizado material', 24388873.4, '00111', 4),
	(434, 'terrenos y construcciones', 8955196.56, '00112', 4),
	(435, 'instalaciones tecnicas y otro inmovilizado material', 15433676.84, '00113', 4),
	(436, 'inmovilizado en curso y anticipos', 0, '00114', 4),
	(437, 'inversiones inmobiliarias', 0, '00115', 4),
	(438, 'terrenos', 0, '00116', 4),
	(439, 'construcciones', 0, '00117', 4),
	(440, 'inversiones en empresas del grupo y asociadas a largo plazo', 26665.28, '00118', 4),
	(441, 'instrumentos de patrimonio con grupo largo plazo', 26665.28, '00119', 4),
	(442, 'creditos a empresas con grupo largo plazo', 0, '00120', 4),
	(443, 'valores representativos de deuda con grupo largo plazo', 0, '00121', 4),
	(444, 'derivados con grupo largo plazo', 0, '00122', 4),
	(445, 'otros activos financieros con grupo largo plazo', 0, '00123', 4),
	(446, 'otras inversiones con grupo largo plazo', 0, '00124', 4),
	(447, 'resto inversiones con grupo largo plazo', 0, '00125', 4),
	(448, 'inversiones financieras a largo plazo', 303465.18, '00126', 4),
	(449, 'instrumentos de patrimonio largo plazo', 296518.23, '00127', 4),
	(450, 'creditos a terceros', 0, '00128', 4),
	(451, 'valores representativos de deuda largo plazo', 0, '00129', 4),
	(452, 'derivados inversiones largo plazo', 0, '00130', 4),
	(453, 'otros activos financieros largo plazo', 6946.95, '00131', 4),
	(454, 'otras inversiones largo plazo', 0, '00132', 4),
	(455, 'resto inversiones largo plazo', 0, '00133', 4),
	(456, 'activos por impuesto diferido', 40527.75, '00134', 4),
	(457, 'deudores comerciales no corrientes', 0, '00135', 4),
	(458, 'activo corriente', 32684669.61, '00136', 4),
	(459, 'activos no corrientes mantenidos para la venta', 0, '00137', 4),
	(460, 'existencias', 28120271.24, '00138', 4),
	(461, 'comerciales', 0, '00139', 4),
	(462, 'materias primas y otros aprovisionamientos', 1345718.15, '00140', 4),
	(463, 'productos en curso', 25525611.26, '00141', 4),
	(464, 'de ciclo largo de produccion en curso', 0, '00142', 4),
	(465, 'de ciclo corto de produccion en cruso', 25525611.26, '00143', 4),
	(466, 'productos terminados', 1248941.83, '00144', 4),
	(467, 'de ciclo largo de produccion terminados', 0, '00145', 4),
	(468, 'de ciclo corto de produccion terminados', 1248941.83, '00146', 4),
	(469, 'subproductos, residuos y materiales recuperados', 0, '00147', 4),
	(470, 'anticipos a proveedores', 0, '00148', 4),
	(471, 'derechos de emision de gases de efecto invernadero', 0, '00701', 4),
	(472, 'deudores comerciales y otras cuentas a cobrar', 3838838.51, '00149', 4),
	(473, 'clientes por ventas y prestaciones de servicios', 3561672.78, '00150', 4),
	(474, 'clientes por ventas y prestaciones de servicios a largo plazo', 0, '00151', 4),
	(475, 'clientes por ventas y prestaciones de servicios a corto plazo', 3561672.78, '00152', 4),
	(476, 'clientes empresas del grupo y asociadas', 0, '00153', 4),
	(477, 'deudores varios', 1949.31, '00154', 4),
	(478, 'personal', 601.02, '00155', 4),
	(479, 'activos por impuesto corriente', 18819.52, '00156', 4),
	(480, 'otros creditos con las administraciones publicas', 255435.28, '00157', 4),
	(481, 'accionistas (socios) por desembolsos exigidos', 360.6, '00158', 4),
	(482, 'otros deudores', 0, '00159', 4),
	(483, 'inversiones en empresas del grupo y asociadas a corto plazo', 0, '00160', 4),
	(484, 'instrumentos de patrimonio con grupo corto plazo', 0, '00161', 4),
	(485, 'creditos a empresas con grupo corto plazo', 0, '00162', 4),
	(486, 'valores representativos de deuda con grupo corto plazo', 0, '00163', 4),
	(487, 'derivados con grupo corto plazo', 0, '00164', 4),
	(488, 'otros activos financieros con grupo corto plazo', 0, '00165', 4),
	(489, 'otras inversiones con grupo corto plazo', 0, '00166', 4),
	(490, 'resto inversiones con grupo corto plazo', 0, '00167', 4),
	(491, 'inversiones financieras a corto plazo', 0, '00168', 4),
	(492, 'instrumentos de patrimonio corto plazo', 0, '00169', 4),
	(493, 'creditos a empresas', 0, '00170', 4),
	(494, 'valores representativos de deuda corto plazo', 0, '00171', 4),
	(495, 'derivados inversiones corto plazo', 0, '00172', 4),
	(496, 'otros activos financieros corto plazo', 0, '00173', 4),
	(497, 'otras inversiones corto plazo', 0, '00174', 4),
	(498, 'resto inversiones corto plazo', 0, '00175', 4),
	(499, 'periodificaciones a corto plazo_activo', 347270.25, '00176', 4),
	(500, 'efectivo y otros activos liquidos equivalentes', 378289.61, '00177', 4),
	(501, 'tesoreria', 378289.61, '00178', 4),
	(502, 'otros activos liquidos equivalentes', 0, '00179', 4),
	(503, 'total activo', 57526235.73, '00180', 4),
	(504, 'patrimonio neto', 10660885.54, '00185', 4),
	(505, 'fondos propios', 6908807.55, '00186', 4),
	(506, 'capital', 3342147.44, '00187', 4),
	(507, 'capital escriturado', 3403663.97, '00188', 4),
	(508, 'capital no exigido', -61516.53, '00189', 4),
	(509, 'prima de emision', 0, '00190', 4),
	(510, 'reservas', 3405658.19, '00191', 4),
	(511, 'legal y estatutarias', 1296430.64, '00192', 4),
	(512, 'otras reservas', 2109227.55, '00193', 4),
	(513, 'reserva de revalorizacion', 0, '00702', 4),
	(514, 'reserva de capitalizacion', 0, '01001', 4),
	(515, 'reserva de nivelacion', 0, '01002', 4),
	(516, 'fondo de reserva obligatorio de cooperativas', 0, '00712', 4),
	(517, 'acciones y participaciones en patrimonio propias', 0, '00194', 4),
	(518, 'resultados de ejercicios anteriores', 0, '00195', 4),
	(519, 'remanente', 0, '00196', 4),
	(520, 'resultados negativos de ejercicios anteriores', 0, '00197', 4),
	(521, 'otras aportaciones de socios', 0, '00198', 4),
	(522, 'resultado del ejercicio', 161001.92, '00199', 4),
	(523, 'dividendo a cuenta', 0, '00200', 4),
	(524, 'otros instrumentos de patrimonio neto', 0, '00201', 4),
	(525, 'activos financieros disponibles para la venta', 0, '00203', 4),
	(526, 'operaciones de cobertura', 0, '00204', 4),
	(527, 'activos no corrientes y pasivos vinculados, mantenidos para la venta', 0, '00205', 4),
	(528, 'diferencia de conversion', 0, '00206', 4),
	(529, 'otros', 0, '00207', 4),
	(530, 'ajustes en patrimonio neto', 0, '00208', 4),
	(531, 'subvenciones, donaciones y legados recibidos', 3752077.99, '00209', 4),
	(532, 'pasivo no corriente', 32791059.42, '00210', 4),
	(533, 'provisiones a largo plazo', 0, '00211', 4),
	(534, 'obligaciones por prestaciones a largo plazo al personal', 0, '00212', 4),
	(535, 'actuaciones medioambientales', 0, '00213', 4),
	(536, 'provisiones por reestructuracion', 0, '00214', 4),
	(537, 'otras provisiones largo plazo', 0, '00215', 4),
	(538, 'deudas a largo plazo', 25941150.66, '00216', 4),
	(539, 'obligaciones y otros valores negociables largo plazo', 0, '00217', 4),
	(540, 'deudas con entidades de credito a largo plazo', 24091524.65, '00218', 4),
	(541, 'acreedores por arrendamiento financiero a largo plazo', 1849626.01, '00219', 4),
	(542, 'derivados deuda largo plazo', 0, '00220', 4),
	(543, 'otros pasivos financieros largo plazo', 0, '00221', 4),
	(544, 'otras deudas a largo plazo', 0, '00222', 4),
	(545, 'deudas con empresas del grupo y asociadas a largo plazo', 93222.65, '00223', 4),
	(546, 'pasivos por impuesto diferido', 416896.44, '00224', 4),
	(547, 'periodificaciones a largo plazo', 0, '00225', 4),
	(548, 'acreedores comerciales no corrientes', 6339789.67, '00226', 4),
	(549, 'deuda con caracteristicas especiales a largo plazo', 0, '00227', 4),
	(550, 'pasivo corriente', 14074290.77, '00228', 4),
	(551, 'pasivos vinculados con activos no corrientes mantenidos para la venta', 1381.2, '00229', 4),
	(552, 'provisiones a corto plazo', 0, '00230', 4),
	(553, 'provisiones por derechos de emision de gases de efecto invernadero', 0, '00703', 4),
	(554, 'otras provisiones corto plazo', 0, '00704', 4),
	(555, 'deudas a corto plazo', 3972239.87, '00231', 4),
	(556, 'obligaciones y otros valores negociables a corto plazo', 0, '00232', 4),
	(557, 'deudas con entidades de credito a corto plazo', 3510556.89, '00233', 4),
	(558, 'acreedores por arrendamiento financiero a corto plazo', 419166.82, '00234', 4),
	(559, 'derivados deuda corto plazo', 0, '00235', 4),
	(560, 'otros pasivos financieros corto plazo', 42516.16, '00236', 4),
	(561, 'otras deudas a corto plazo', 0, '00237', 4),
	(562, 'deudas con empresas del grupo y asociadas a corto plazo', 18030.36, '00238', 4),
	(563, 'acreedores comerciales y otras cuentas a pagar', 9676731.34, '00239', 4),
	(564, 'proveedores', 788827.43, '00240', 4),
	(565, 'proveedores a largo plazo', 0, '00241', 4),
	(566, 'proveedores a corto plazo', 788827.43, '00242', 4),
	(567, 'proveedores, empresas del grupo y asociadas', 7802023.33, '00243', 4),
	(568, 'acreedores varios', 848769.28, '00244', 4),
	(569, 'personal (remuneraciones pendientes de pago)', 0, '00245', 4),
	(570, '', 0, '0,02', 4),
	(571, 'otras deudas con las administraciones publicas', 237111.28, '00247', 4),
	(572, 'anticipos de clientes', 0, '00248', 4),
	(573, 'otros acreedores', 0, '00249', 4),
	(574, 'periodificaciones a corto plazo_pasivo', 405908, '00250', 4),
	(575, 'deuda con caracteristicas especiales a corto plazo', 0, '00251', 4),
	(576, 'total patrimonio neto y pasivo', 57526235.73, '00252', 4),
	(577, 'importe neto de la cifra de negocios', 15924866.5, '00255', 4),
	(578, 'ventas', 15862749.43, '00256', 4),
	(579, 'prestaciones de servicios', 62117.07, '00257', 4),
	(580, 'ingresos de caracter financiero de las entidades concesionarias de infraestructuras publicas', 0, '00711', 4),
	(581, 'ingresos de caracter financiero de las sociedades holding', 0, '00705', 4),
	(582, 'ingresos de participaciones en instrumentos de patrimonio', 0, '00706', 4),
	(583, 'ingresos de negocios de valores negociables y otros instrumentos financieros', 0, '00707', 4),
	(584, 'resto ingresos', 0, '00708', 4),
	(585, 'variacion de existencias de productos terminados y en curso de fabricacion', 1476191.52, '00258', 4),
	(586, 'trabajos realizados por la empresa para su activo', 0, '00259', 4),
	(587, 'aprovisionamientos', -9483146.58, '00260', 4),
	(588, 'consumo de mercaderias', 0, '00261', 4),
	(589, 'compras de mercaderias', 0, '00760', 4),
	(590, 'variacion de existencias', 0, '00761', 4),
	(591, 'consumo de materias primas y otras materias consumibles', -9374702.38, '00262', 4),
	(592, 'compras de materias primas y otras materias consumibles', -9374702.38, '00762', 4),
	(593, 'variacion de materias primas y otras materias consumibles', 0, '00763', 4),
	(594, 'trabajos realizados por otras empresas', -108444.2, '00263', 4),
	(595, 'deterioro de mercaderias, materias primas y otros aprovisionamientos', 0, '00264', 4),
	(596, 'otros ingresos de explotacion', 649715.1, '00265', 4),
	(597, 'ingresos accesorios y otros de gestion corriente', 236912.53, '00266', 4),
	(598, 'ingresos por arrendamientos', 3326.4, '00267', 4),
	(599, 'resto otros ingresos', 233586.13, '00268', 4),
	(600, 'subvenciones de explotacion incorporadas al resultado del ejercicio', 412802.57, '00269', 4),
	(601, 'gastos de personal', -3237779.04, '00270', 4),
	(602, 'sueldos, salarios y asimilados', -2529472.27, '00271', 4),
	(603, 'indemnizaciones', 0, '00273', 4),
	(604, 'seguridad social a cargo de la empresa', -708306.77, '00274', 4),
	(605, 'retribuciones a largo plazo mediante sistemas de aportacion o prestacion definida', 0, '00275', 4),
	(606, 'retribuciones mediante instrumentos de patrimonio', 0, '00276', 4),
	(607, 'otros gastos sociales', 0, '00277', 4),
	(608, 'provisiones', 0, '00278', 4),
	(609, 'otros gastos de explotacion', -3328023.08, '00279', 4),
	(610, 'servicios exteriores', -3286644.1, '00280', 4),
	(611, 'servicios profesionales independientes', -678233.78, '00253', 4),
	(612, 'resto', -2608410.32, '00254', 4),
	(613, 'tributos', -40983.15, '00281', 4),
	(614, 'perdidas, deterioro y variacion de provisiones por operaciones comerciales', -395.83, '00282', 4),
	(615, 'otros gastos de gestion corriente', 0, '00283', 4),
	(616, 'gastos por emision de gases de efecto invernadero', 0, '00709', 4),
	(617, 'amortizacion del inmovilizado', -1776723.6, '00284', 4),
	(618, 'imputacion de subvenciones de inmovilizado no financiero y otras', 439708.75, '00285', 4),
	(619, 'excesos de provisiones', 0, '00286', 4),
	(620, 'deterioro y resultado por enajenaciones del inmovilizado', 2862.47, '00287', 4),
	(621, 'deterioro y perdidas', 0, '00288', 4),
	(622, 'deterioros', 0, '00289', 4),
	(623, 'reversion de deterioros', 0, '00290', 4),
	(624, 'resultados por enajenaciones y otras', 2862.47, '00291', 4),
	(625, 'beneficios', 2862.47, '00292', 4),
	(626, 'perdidas', 0, '00293', 4),
	(627, 'deterioro y resultados por enajenaciones del inmovilizado de las sociedades holding', 0, '00710', 4),
	(628, 'diferencia negativa de combinaciones de negocio', 0, '00294', 4),
	(629, 'otros resultados', 35523.89, '00295', 4),
	(630, 'resultado de explotacion', 703195.93, '00296', 4),
	(631, 'ingresos financieros', 223.04, '00297', 4),
	(632, 'ingresos financieros de participaciones en instrumentos de patrimonio', 0, '00298', 4),
	(633, 'en empresas del grupo y asociadas', 0, '00299', 4),
	(634, 'en terceros', 0, '00300', 4),
	(635, 'ingresos financieros de valores negociables y otros instrumentos financieros', 223.04, '00301', 4),
	(636, 'de empresas del grupo y asociadas', 0, '00302', 4),
	(637, 'de terceros', 223.04, '00303', 4),
	(638, 'imputacion de subvenciones, donaciones y legados de caracter financiero', 0, '00304', 4),
	(639, 'gastos financieros', -528727.11, '00305', 4),
	(640, 'por deudas con empresas del grupo y asociadas', 0, '00306', 4),
	(641, 'por deudas con terceros', -528727.11, '00307', 4),
	(642, 'por actualizacion de provisiones', 0, '00308', 4),
	(643, 'variacion de valor razonable en instrumentos financieros', 0, '00309', 4),
	(644, 'cartera de negociacion y otros', 0, '00310', 4),
	(645, 'imputacion al resultado del ejercicio por activos financieros disponibles para la venta', 0, '00311', 4),
	(646, 'diferencias de cambio', -10386.83, '00312', 4),
	(647, 'deterioro y resultado por enajenaciones de instrumentos financieros', 0, '00313', 4),
	(648, 'deterioros y perdidas', 0, '00314', 4),
	(649, 'deterioros, empresas del grupo, asociadas y vinculadas', 0, '00315', 4),
	(650, 'deterioros, otras empresas', 0, '00316', 4),
	(651, 'reversion de deterioros, empresas del grupo, asociadas y vinculadas', 0, '00317', 4),
	(652, 'reversion de deterioros, otras empresas', 0, '00318', 4),
	(653, 'resultados por enajenaciones y otras', 0, '00319', 4),
	(654, 'beneficios, empresas del grupo, asociadas y vinculadas', 0, '00320', 4),
	(655, 'beneficios, otras empresas', 0, '00321', 4),
	(656, 'perdidas, empresas del grupo, asociadas y vinculadas', 0, '00322', 4),
	(657, 'perdidas, otras empresas', 0, '00323', 4),
	(658, 'otros ingresos y gastos de caracter financiero', 0, '00329', 4),
	(659, 'incorporacion al activo de gastos financieros', 0, '00330', 4),
	(660, 'ingresos financieros derivados de convenios de acreedores', 0, '00331', 4),
	(661, 'resto de ingresos y gastos', 0, '00332', 4),
	(662, 'resultado financiero', -538890.9, '00324', 4),
	(663, 'resultado antes de impuestos', 164305.03, '00325', 4),
	(664, 'impuestos sobre beneficios', -3303.11, '00326', 4),
	(665, 'resultado del ejercicio procedente de operaciones continuadas', 161001.92, '00327', 4),
	(666, 'resultado del ejercicio procedente de operaciones interrumpidas neto de impuestos', 0, '00328', 4),
	(667, 'resultado de la cuenta de perdidas y ganancias', 161001.92, '00500', 4),
	(668, 'deudas sin entidades de credito a largo plazo', 1849626.01, '', 4),
	(669, 'deudas sin entidades de credito a corto plazo', 461682.98, '', 4),
	(670, 'otros fondos', 19676944.49, '', 4),
	(671, 'ventas sin aprovisionamientos', 2125906.62, '', 4),
	(672, 'costes fijos', -6565802.12, '', 4);


SET IDENTITY_INSERT contabilidades OFF

DELETE FROM contratos;

SET IDENTITY_INSERT contratos ON

-- INSERT INTO contratos (contratoid,inicio,vencimiento,carencia,precio,limite,periodificacion,valoracion,digitalizada,equivalenciasentidadid,equivalenciasmonedaid,equivalenciasproductoid,minimis) VALUES (1,'2020-01-01','2026-01-01',0,5,15000000,1,0,0,81,23,9,0);
-- INSERT INTO contratos (contratoid,inicio,vencimiento,carencia,precio,limite,periodificacion,valoracion,digitalizada,equivalenciasentidadid,equivalenciasmonedaid,equivalenciasproductoid,minimis) VALUES (2,'2015-01-01','2020-12-31',0,4,20000000,1,0,0,85,23,9,0);
-- INSERT INTO contratos (contratoid,inicio,vencimiento,carencia,precio,limite,periodificacion,valoracion,digitalizada,equivalenciasentidadid,equivalenciasmonedaid,equivalenciasproductoid,minimis) VALUES (3,'2020-01-01','2020-12-31',0,1,200000,1,0,0,802,23,8,0);
-- INSERT INTO contratos (contratoid,inicio,vencimiento,carencia,precio,limite,periodificacion,valoracion,digitalizada,equivalenciasentidadid,equivalenciasmonedaid,equivalenciasproductoid,minimis) VALUES (4,'2021-01-01','2026-12-31',0,3.5,20000000,1,0,0,85,23,9,0);
-- INSERT INTO contratos (contratoid,inicio,vencimiento,carencia,precio,limite,periodificacion,valoracion,digitalizada,equivalenciasentidadid,equivalenciasmonedaid,equivalenciasproductoid,minimis) VALUES (5,'2021-01-01','2021-12-31',0,2,300000,1,0,0,802,23,12,0);

SET IDENTITY_INSERT contratos OFF

DELETE FROM documentos;

SET IDENTITY_INSERT documentos ON

INSERT INTO documentos (documentoid, rutadocumento, fecha, empresaid, extractorid, origen, [status]) VALUES
	(1, 'F50011048/BSS/SyS_31.12.20_2020-12-31.xlsx', '2020-12-31', 1, 7, 'BSS', 0),
	(2, 'F50011048/BSS/SyS_31.12.21_vf_2021-12-31.xlsx', '2021-12-31', 1, 8, 'BSS', 0),
	(3, 'F50011048/Modelo200/200_2019_BSV_2019-12-31.pdf', '2019-12-31', 1, 9, 'Modelo200', 0),
	(4, 'F50011048/Modelo200/MODELO_200_2020_BSV_2020-12-31.pdf', '2020-12-31', 1, 10, 'Modelo200', 0),
	(5, 'F50011048/Cirbe/60.-_CIRBE_311221_2021-12-31.pdf', '2021-12-31', 1, 25, 'Cirbe', 0);

SET IDENTITY_INSERT documentos OFF

DELETE FROM operaciones;

DELETE FROM pools;

SET IDENTITY_INSERT pools ON

INSERT INTO pools (poolid, cuenta, concepto, dispuesto, contratoid, documentoid) VALUES
	(1, '1700001', 'Deudas a largo plazo', 12631784.58, 1, 1),
	(2, '1700002', 'Cuentas Crdito LP', 11359740.07, 2, 1),
	(3, '1710001', 'Deudas l/p socios', 153840.21, 3, 1),
	(4, '1700001', 'Deudas a largo plazo', 11663526, 3, 2),
	(5, '1700002', 'Cuentas Crdito LP', 11654357.3, 4, 2),
	(6, '1710001', 'Deudas l/p socios', 160181.71, 5, 2);

SET IDENTITY_INSERT pools OFF

DELETE FROM ratios;

SET IDENTITY_INSERT ratios ON

INSERT INTO ratios (ratioid, concepto, magnitud, documentoid) VALUES
	(1, 'fondo maniobra', 12234509.84, 1),
	(2, 'liquidez', 1.59821539872537, 1),
	(3, 'prueba acida', 0.223253958332906, 1),
	(4, 'disponibilidad', 0.018496749999738, 1),
	(5, 'fondo maniobra/activo total', 0.212671425457665, 1),
	(6, 'endeudamiento', 0.816958647537655, 1),
	(7, 'calidad deuda', 0.56359105565485, 1),
	(8, 'coste de deuda', 0.0191553346885736, 1),
	(9, 'BN', 164305.03, 1),
	(10, 'BAI', 164305.03, 1),
	(11, 'BAII', 703195.93, 1),
	(12, 'cashflow', 1941028.63, 1),
	(13, 'EBITDA', 2479919.53, 1),
	(14, 'DFB L/P', 25994990.87, 1),
	(15, 'DFB C/P', 4011054.2, 1),
	(16, 'DFB', 30006045.07, 1),
	(17, 'DFN', 29627755.46, 1),
	(18, 'DFB/EBITDA', 12.0996043246613, 1),
	(19, 'DFN/EBITDA', 11.9470632420077, 1),
	(20, 'DFB/cashflow', 15.4588369312203, 1),
	(21, 'DFN/cashflow', 15.2639456224816, 1),
	(22, 'BAII/activo', 0.0122235939784187, 1),
	(23, 'BAI/activo', 0.00285610011328123, 1),
	(24, 'BN/activo', 0.00285610011328123, 1),
	(25, 'BN/(FFPP-beneficio ao)', 0.0156482715376992, 1),
	(26, 'apalancamiento financiero', 1.2604456507079, 1),
	(27, 'punto muerto', 12383470.6915182, 1),
	(28, 'punto muerto mensual', 1100064.04893822, 1),
	(29, 'margen de contribucion', 8567626.54, 1),
	(30, 'ventas', 18162115.04, 1),
	(31, 'BN/ventas', 0.0090465801828772, 1),
	(32, 'capital/ventas', 0.184017523985466, 1),
	(33, 'FFPP/ventas', 0.58716667230184, 1),
	(34, 'ventas/DFB', 0.605281868957747, 1),
	(35, 'ventas/DFB C/P', 4.52801536314319, 1),
	(36, 'ventas/DFB L/P', 0.698677492553395, 1),
	(37, 'ventas/activo', 0.315710473520931, 1),
	(38, 'ventas/activo corriente', 0.555651031522052, 1),
	(39, 'ventas/activo no corriente', 0.731117955778868, 1),
	(40, 'BN/capital', 0.0491615145500583, 1),
	(41, 'BN/FFPP', 0.0154071758661171, 1),
	(42, 'BN/DFB', 0.00547573096076803, 1),
	(43, 'BN/DFB C/P', 0.0409630540519747, 1),
	(44, 'BN/DFB L/P', 0.00632064195835588, 1),
	(45, 'BN/activo corriente', 0.00502674161036267, 1),
	(46, 'BN/activo no corriente', 0.0066141172100948, 1),
	(47, 'BAII/ventas', 0.0387177335046767, 1),
	(48, 'BAII/capital', 0.210402426171839, 1),
	(49, 'BAII/FFPP', 0.0659399372121948, 1),
	(50, 'BAII/DFB', 0.0234351420975187, 1),
	(51, 'BAII/DFB C/P', 0.17531449213526, 1),
	(52, 'BAII/DFB L/P', 0.0270512089623981, 1),
	(53, 'BAII/activo corriente', 0.0215135485600695, 1),
	(54, 'BAII/activo no corriente', 0.0283072301723302, 1),
	(55, 'BAI/ventas', 0.0090465801828772, 1),
	(56, 'BAI/capital', 0.0491615145500583, 1),
	(57, 'BAI/FFPP', 0.0154071758661171, 1),
	(58, 'BAI/DFB', 0.00547573096076803, 1),
	(59, 'BAI/DFB C/P', 0.0409630540519747, 1),
	(60, 'BAI/DFB L/P', 0.00632064195835588, 1),
	(61, 'BAI/activo corriente', 0.00502674161036267, 1),
	(62, 'BAI/activo no corriente', 0.0066141172100948, 1),
	(63, 'EBITDA/ventas', 0.136543542673211, 1),
	(64, 'EBITDA/capital', 0.74201380235936, 1),
	(65, 'EBITDA/FFPP', 0.232546479754932, 1),
	(66, 'EBITDA/DFB', 0.0826473307033528, 1),
	(67, 'EBITDA/DFB C/P', 0.618271258962295, 1),
	(68, 'EBITDA/DFB L/P', 0.0953999000192763, 1),
	(69, 'EBITDA/activo', 0.0431082265135847, 1),
	(70, 'EBITDA/activo corriente', 0.0758705603340448, 1),
	(71, 'EBITDA/activo no corriente', 0.0998294357940424, 1),
	(72, 'cashflow/ventas', 0.106872389351411, 1),
	(73, 'cashflow/capital', 0.580772890737579, 1),
	(74, 'cashflow/FFPP', 0.182013718408854, 1),
	(75, 'cashflow/DFB', 0.0646879195666022, 1),
	(76, 'cashflow/DFB C/P', 0.48391982087901, 1),
	(77, 'cashflow/DFB L/P', 0.0746693330152341, 1),
	(78, 'cashflow/activo', 0.0337407326484473, 1),
	(79, 'cashflow/activo corriente', 0.059383753384338, 1),
	(80, 'cashflow/activo no corriente', 0.078136322831807, 1),
	(81, 'ROE', 0.0154071758661171, 1),
	(82, 'ROA/ROI', 0.0122235939784187, 1),
	(83, 'compras medias diarias', -31806.3865342466, 1),
	(84, 'PM Proveedores', -609.31761765622, 1),
	(85, 'ventas medias diarias', 60208.6553380822, 1),
	(86, 'PM Cobro', 522.415569257951, 1),
	(87, 'ventas/capital', 5.43426505444655, 1),
	(88, 'ventas/FFPP', 1.70309393767148, 1),
	(89, 'DFB/ventas', 1.65212283943335, 1),
	(90, 'DFB C/P/ventas', 0.220847307219787, 1),
	(91, 'DFB L/P/ventas', 1.43127553221357, 1),
	(92, 'activo/venta', 3.1674590609795, 1),
	(93, 'activo corriente/ventas', 1.79969071102195, 1),
	(94, 'activo no corriente/ventas', 1.36776834995755, 1),
	(95, 'ventas/BN', 110.53900808758, 1),
	(96, 'capital/BN', 20.3411145720858, 1),
	(97, 'FFPP/BN', 64.9048215383303, 1),
	(98, 'DFB/BN', 182.624019909798, 1),
	(99, 'DFB C/P/BN', 24.4122422788882, 1),
	(100, 'DFB L/P/BN', 158.21177763091, 1),
	(101, 'activo/BN', 350.12778275869, 1),
	(102, 'activo corriente/BN', 198.936026060797, 1),
	(103, 'activo no corriente/BN', 151.191756697893, 1),
	(104, 'ventas/BAII', 25.8279581339443, 1),
	(105, 'capital/BAII', 4.75279690540871, 1),
	(106, 'FFPP/BAII', 15.1653162298593, 1),
	(107, 'DFB/BAII', 42.6709595290177, 1),
	(108, 'DFB C/P/BAII', 42.6709595290177, 1),
	(109, 'DFB L/P/BAII', 36.9669245241508, 1),
	(110, 'activo/BAII', 81.8090000179609, 1),
	(111, 'activo corriente/BAII', 46.4823363383232, 1),
	(112, 'activo no corriente/BAII', 35.3266636796376, 1),
	(113, 'ventas/BAI', 110.53900808758, 1),
	(114, 'capital/BAI', 20.3411145720858, 1),
	(115, 'FFPP/BAI', 64.9048215383303, 1),
	(116, 'DFB/BAI', 182.624019909798, 1),
	(117, 'DFB C/P/BAI', 24.4122422788882, 1),
	(118, 'DFB L/P/BAI', 158.21177763091, 1),
	(119, 'activo/BAI', 350.12778275869, 1),
	(120, 'activo corriente/BAI', 198.936026060797, 1),
	(121, 'activo no corriente/BAI', 151.191756697893, 1),
	(122, 'ventas/EBITDA', 7.32367111928023, 1),
	(123, 'capital/EBITDA', 1.34768382585382, 1),
	(124, 'FFPP/EBITDA', 4.30021560014086, 1),
	(125, 'DFB C/P/EBITDA', 1.61741304565636, 1),
	(126, 'DFB L/P/EBITDA', 10.4821912790049, 1),
	(127, 'activo/EBITDA', 23.197428446398, 1),
	(128, 'activo corriente/EBITDA', 13.1803428839483, 1),
	(129, 'activo no corriente/EBITDA', 10.0170855624497, 1),
	(130, 'ventas/cashflow', 9.35695370964209, 1),
	(131, 'capital/cashflow', 1.72184345369496, 1),
	(132, 'FFPP/cashflow', 5.4940913725729, 1),
	(133, 'cashflow/DFN', 0.0655138602254415, 1),
	(134, 'DFB C/P/cashflow', 2.06645803055466, 1),
	(135, 'DFB L/P/cashflow', 13.3923789006657, 1),
	(136, 'activo/cashflow', 29.6377678107716, 1),
	(137, 'activo corriente/cashflow', 16.8396226747052, 1),
	(138, 'activo no corriente/cashflow', 12.7981451360663, 1),
	(139, 'fondo maniobra', 5505209.84, 2),
	(140, 'liquidez', 1.28668150831173, 2),
	(141, 'prueba acida', 0.275618638029934, 2),
	(142, 'disponibilidad', 0.00735481990490706, 2),
	(143, 'fondo maniobra/activo total', 0.11421156935475, 2),
	(144, 'endeudamiento', 0.870180243417076, 2),
	(145, 'calidad deuda', 0.568336283056857, 2),
	(146, 'coste de deuda', 0.0274105705563601, 2),
	(147, 'BN', -2921507.07, 2),
	(148, 'BAI', -2921507.07, 2),
	(149, 'BAII', -2144887.42, 2),
	(150, 'cashflow', -1088473.1, 2),
	(151, 'EBITDA', -311853.45, 2),
	(152, 'DFB L/P', 24910787.54, 2),
	(153, 'DFB C/P', 5312627.25, 2),
	(154, 'DFB', 30223414.79, 2),
	(155, 'DFN', 30082178.52, 2),
	(156, 'DFB/EBITDA', -96.9154414998455, 2),
	(157, 'DFN/EBITDA', -96.4625484181753, 2),
	(158, 'DFB/cashflow', -27.7667999236729, 2),
	(159, 'DFN/cashflow', -27.6370435980457, 2),
	(160, 'BAII/activo', -0.0444980237715082, 2),
	(161, 'BAI/activo', -0.060609843592392, 2),
	(162, 'BN/activo', -0.060609843592392, 2),
	(163, 'BN/(FFPP-beneficio ao)', -0.440196635956591, 2),
	(164, 'apalancamiento financiero', 17.671381046584, 2),
	(165, 'punto muerto', 24650604.5018184, 2),
	(166, 'punto muerto mensual', 2192612.43307099, 2),
	(167, 'margen de contribucion', 5465686.37, 2),
	(168, 'ventas', 15584828.97, 2),
	(169, 'BN/ventas', -0.187458397883208, 2),
	(170, 'capital/ventas', 0.170204886117528, 2),
	(171, 'FFPP/ventas', 0.238393102494214, 2),
	(172, 'ventas/DFB', 0.515654140284524, 2),
	(173, 'ventas/DFB C/P', 2.93354459791998, 2),
	(174, 'ventas/DFB L/P', 0.625625703120585, 2),
	(175, 'ventas/activo', 0.323324237680479, 2),
	(176, 'ventas/activo corriente', 0.630749310478413, 2),
	(177, 'ventas/activo no corriente', 0.663369900580507, 2),
	(178, 'BN/capital', -1.10136907440933, 2),
	(179, 'BN/FFPP', -0.786341533886274, 2),
	(180, 'BN/DFB', -0.0966636989995795, 2),
	(181, 'BN/DFB C/P', -0.549917570445018, 2),
	(182, 'BN/DFB L/P', -0.11727879198154, 2),
	(183, 'BN/activo corriente', -0.118239255208221, 2),
	(184, 'BN/activo no corriente', -0.124354258766764, 2),
	(185, 'BAII/ventas', -0.13762662549129, 2),
	(186, 'BAII/capital', -0.808593857853516, 2),
	(187, 'BAII/FFPP', -0.577309595165954, 2),
	(188, 'BAII/DFB', -0.0709677392479713, 2),
	(189, 'BAII/DFB C/P', -0.403733843739931, 2),
	(190, 'BAII/DFB L/P', -0.0861027543411018, 2),
	(191, 'BAII/activo corriente', -0.0868078991321021, 2),
	(192, 'BAII/activo no corriente', -0.0912973608693878, 2),
	(193, 'BAI/ventas', -0.187458397883208, 2),
	(194, 'BAI/capital', -1.10136907440933, 2),
	(195, 'BAI/FFPP', -0.786341533886274, 2),
	(196, 'BAI/DFB', -0.0966636989995795, 2),
	(197, 'BAI/DFB C/P', -0.549917570445018, 2),
	(198, 'BAI/DFB L/P', -0.11727879198154, 2),
	(199, 'BAI/activo corriente', -0.118239255208221, 2),
	(200, 'BAI/activo no corriente', -0.124354258766764, 2),
	(201, 'EBITDA/ventas', -0.0200100655965043, 2),
	(202, 'EBITDA/capital', -0.117564577921031, 2),
	(203, 'EBITDA/FFPP', -0.0839372674257216, 2),
	(204, 'EBITDA/DFB', -0.0103182731722023, 2),
	(205, 'EBITDA/DFB C/P', -0.0587004198346496, 2),
	(206, 'EBITDA/DFB L/P', -0.012518811358302, 2),
	(207, 'EBITDA/activo', -0.00646973920492612, 2),
	(208, 'EBITDA/activo corriente', -0.0126213350776229, 2),
	(209, 'EBITDA/activo no corriente', -0.0132740752253625, 2),
	(210, 'cashflow/ventas', -0.0698418379884216, 2),
	(211, 'cashflow/capital', -0.410339794476847, 2),
	(212, 'cashflow/FFPP', -0.292969206146041, 2),
	(213, 'cashflow/DFB', -0.0360142329238105, 2),
	(214, 'cashflow/DFB C/P', -0.204884146539737, 2),
	(215, 'cashflow/DFB L/P', -0.0436948489987402, 2),
	(216, 'cashflow/activo', -0.0225815590258099, 2),
	(217, 'cashflow/activo corriente', -0.044052691153742, 2),
	(218, 'cashflow/activo no corriente', -0.0463309731227391, 2),
	(219, 'ROE', -0.786341533886274, 2),
	(220, 'ROA/ROI', -0.0444980237715082, 2),
	(221, 'compras medias diarias', -33545.6508109589, 2),
	(222, 'PM Proveedores', -481.05753856557, 2),
	(223, 'ventas medias diarias', 51664.775489589, 2),
	(224, 'PM Cobro', 583.415927733469, 2),
	(225, 'ventas/capital', 5.87527199019123, 2),
	(226, 'ventas/FFPP', 4.19475223711337, 2),
	(227, 'DFB/ventas', 1.93928434172608, 2),
	(228, 'DFB C/P/ventas', 0.340884539716575, 2),
	(229, 'DFB L/P/ventas', 1.5983998020095, 2),
	(230, 'activo/venta', 3.09287051033965, 2),
	(231, 'activo corriente/ventas', 1.58541592259771, 2),
	(232, 'activo no corriente/ventas', 1.50745458774194, 2),
	(233, 'ventas/BN', -5.33451694505056, 2),
	(234, 'capital/BN', -0.907960849124353, 2),
	(235, 'FFPP/BN', -1.27171204483856, 2),
	(236, 'DFB/BN', -10.345145182209, 2),
	(237, 'DFB C/P/BN', -1.81845435342383, 2),
	(238, 'DFB L/P/BN', -8.52669082878516, 2),
	(239, 'activo/BN', -16.498970146254, 2),
	(240, 'activo corriente/BN', -8.45742810405042, 2),
	(241, 'activo no corriente/BN', -8.04154204220358, 2),
	(242, 'ventas/BAII', -7.26603588826121, 2),
	(243, 'capital/BAII', -1.23671481088737, 2),
	(244, 'FFPP/BAII', -1.73217283823689, 2),
	(245, 'DFB/BAII', -14.0909096245247, 2),
	(246, 'DFB C/P/BAII', -14.0909096245247, 2),
	(247, 'DFB L/P/BAII', -11.6140303251907, 2),
	(248, 'activo/BAII', -22.4729081258726, 2),
	(249, 'activo corriente/BAII', -11.5196889914157, 2),
	(250, 'activo no corriente/BAII', -10.953219134457, 2),
	(251, 'ventas/BAI', -5.33451694505056, 2),
	(252, 'capital/BAI', -0.907960849124353, 2),
	(253, 'FFPP/BAI', -1.27171204483856, 2),
	(254, 'DFB/BAI', -10.345145182209, 2),
	(255, 'DFB C/P/BAI', -1.81845435342383, 2),
	(256, 'DFB L/P/BAI', -8.52669082878516, 2),
	(257, 'activo/BAI', -16.498970146254, 2),
	(258, 'activo corriente/BAI', -8.45742810405042, 2),
	(259, 'activo no corriente/BAI', -8.04154204220358, 2),
	(260, 'ventas/EBITDA', -49.9748486668979, 2),
	(261, 'capital/EBITDA', -8.50596342609004, 2),
	(262, 'FFPP/EBITDA', -11.9136592203806, 2),
	(263, 'DFB C/P/EBITDA', -17.035653285221, 2),
	(264, 'DFB L/P/EBITDA', -79.8797882146245, 2),
	(265, 'activo/EBITDA', -154.565735700535, 2),
	(266, 'activo corriente/EBITDA', -79.2309208059106, 2),
	(267, 'activo no corriente/EBITDA', -75.3348148946244, 2),
	(268, 'ventas/cashflow', -14.3180653430939, 2),
	(269, 'capital/cashflow', -2.43700468114462, 2),
	(270, 'FFPP/cashflow', -3.41332801885504, 2),
	(271, 'cashflow/DFN', -0.0361833202763667, 2),
	(272, 'DFB C/P/cashflow', -4.88080711411242, 2),
	(273, 'DFB L/P/cashflow', -22.8859928095605, 2),
	(274, 'activo/cashflow', -44.2839220647713, 2),
	(275, 'activo corriente/cashflow', -22.7000887757355, 2),
	(276, 'activo no corriente/cashflow', -21.5838332890358, 2),
	(277, 'fondo maniobra', 4713802.42, 3),
	(278, 'liquidez', 1.16740425026225, 3),
	(279, 'prueba acida', 0.225130331447077, 3),
	(280, 'disponibilidad', 0.0350142483324527, 3),
	(281, 'fondo maniobra/activo total', 0.0824473786963703, 3),
	(282, 'endeudamiento', 0.811729387886626, 3),
	(283, 'calidad deuda', 0.393264923952588, 3),
	(284, 'coste de deuda', 0.0165274711998637, 3),
	(285, 'BN', 409429.49, 3),
	(286, 'BAI', 421499.62, 3),
	(287, 'BAII', 722891.4, 3),
	(288, 'cashflow', 2015525.74, 3),
	(289, 'EBITDA', 2328987.65, 3),
	(290, 'DFB L/P', 9061155.96, 3),
	(291, 'DFB C/P', 13778486.95, 3),
	(292, 'DFB', 22839642.91, 3),
	(293, 'DFN', 21853704.69, 3),
	(294, 'DFB/EBITDA', 9.80668270611053, 3),
	(295, 'DFN/EBITDA', 9.38334932347108, 3),
	(296, 'DFB/cashflow', 11.3318537474992, 3),
	(297, 'DFN/cashflow', 10.8426820140734, 3),
	(298, 'BAII/activo', 0.0126438267245298, 3),
	(299, 'BAI/activo', 0.00737229431659466, 3),
	(300, 'BN/activo', 0.00716118012674187, 3),
	(301, 'BN/(FFPP-beneficio ao)', 0.0395406249591156, 3),
	(302, 'apalancamiento financiero', 3.09700277645761, 3),
	(303, 'punto muerto', 15162104.9288189, 3),
	(304, 'punto muerto mensual', 1331671.48179063, 3),
	(305, 'margen de contribucion', 9238239.77, 3),
	(306, 'ventas', 2318855.96, 3),
	(307, 'BN/ventas', 0.17656529644903, 3),
	(308, 'capital/ventas', 1.44277521662018, 3),
	(309, 'FFPP/ventas', 4.64198021165575, 3),
	(310, 'ventas/DFB', 0.101527680145329, 3),
	(311, 'ventas/DFB C/P', 0.168295399082263, 3),
	(312, 'ventas/DFB L/P', 0.255911714822752, 3),
	(313, 'ventas/activo', 0.0405582539194452, 3),
	(314, 'ventas/activo corriente', 0.0705419738346712, 3),
	(315, 'ventas/activo no corriente', 0.0954204246455951, 3),
	(316, 'BN/capital', 0.122378936382515, 3),
	(317, 'BN/FFPP', 0.0380366327296451, 3),
	(318, 'BN/DFB', 0.0179262649426422, 3),
	(319, 'BN/DFB C/P', 0.0297151270299675, 3),
	(320, 'BN/DFB L/P', 0.0451851277924588, 3),
	(321, 'BN/activo corriente', 0.0124552645222184, 3),
	(322, 'BN/activo no corriente', 0.0168479355648418, 3),
	(323, 'BAII/ventas', 0.311744848524356, 3),
	(324, 'BAII/capital', 0.216073054855103, 3),
	(325, 'BAII/FFPP', 0.0671577288807872, 3),
	(326, 'BAII/DFB', 0.0316507312679347, 3),
	(327, 'BAII/DFB C/P', 0.0524652236942461, 3),
	(328, 'BAII/DFB L/P', 0.079779158773027, 3),
	(329, 'BAII/activo corriente', 0.0219910969476987, 3),
	(330, 'BAII/activo no corriente', 0.0297468258272708, 3),
	(331, 'BAI/ventas', 0.18177050548668, 3),
	(332, 'BAI/capital', 0.125986711854181, 3),
	(333, 'BAI/FFPP', 0.0391579664709178, 3),
	(334, 'BAI/DFB', 0.0184547377409063, 3),
	(335, 'BAI/DFB C/P', 0.0305911397622654, 3),
	(336, 'BAI/DFB L/P', 0.0465172017632947, 3),
	(337, 'BAI/activo corriente', 0.0128224502419563, 3),
	(338, 'BAI/activo no corriente', 0.0173446188215835, 3),
	(339, 'EBITDA/ventas', 1.00436926233228, 3),
	(340, 'EBITDA/capital', 0.696137035598027, 3),
	(341, 'EBITDA/FFPP', 0.216366554043113, 3),
	(342, 'EBITDA/DFB', 0.101971281213871, 3),
	(343, 'EBITDA/DFB C/P', 0.169030725830168, 3),
	(344, 'EBITDA/DFB L/P', 0.257029860238715, 3),
	(345, 'EBITDA/activo', 0.0407354635705583, 3),
	(346, 'EBITDA/activo corriente', 0.0708501902237914, 3),
	(347, 'EBITDA/activo no corriente', 0.0958373415127288, 3),
	(348, 'cashflow/ventas', 0.869189710256949, 3),
	(349, 'cashflow/capital', 0.602442917125439, 3),
	(350, 'cashflow/FFPP', 0.187245457891971, 3),
	(351, 'cashflow/DFB', 0.0882468148885783, 3),
	(352, 'cashflow/DFB C/P', 0.14628062916589, 3),
	(353, 'cashflow/DFB L/P', 0.222435829258147, 3),
	(354, 'cashflow/activo', 0.0352528169727703, 3),
	(355, 'cashflow/activo corriente', 0.0613143577983112, 3),
	(356, 'cashflow/activo no corriente', 0.0829384512502999, 3),
	(357, 'ROE', 0.0380366327296451, 3),
	(358, 'ROA/ROI', 0.0126438267245298, 3),
	(359, 'compras medias diarias', -41608.5847657534, 3),
	(360, 'PM Proveedores', -415.546578676981, 3),
	(361, 'ventas medias diarias', 7687.16633315069, 3),
	(362, 'PM Cobro', 1426.27312021571, 3),
	(363, 'ventas/capital', 0.693108662028851, 3),
	(364, 'ventas/FFPP', 0.215425304375287, 3),
	(365, 'DFB/ventas', 9.84953067546291, 3),
	(366, 'DFB C/P/ventas', 5.94193308583082, 3),
	(367, 'DFB L/P/ventas', 3.90759758963209, 3),
	(368, 'activo/venta', 24.6558937666831, 3),
	(369, 'activo corriente/ventas', 14.1759571732951, 3),
	(370, 'activo no corriente/ventas', 10.4799365933881, 3),
	(371, 'ventas/BN', 5.66362711196011, 3),
	(372, 'capital/BN', 8.17134083331418, 3),
	(373, 'FFPP/BN', 26.2904449799158, 3),
	(374, 'DFB/BN', 55.7840689736345, 3),
	(375, 'DFB C/P/BN', 33.6528933223642, 3),
	(376, 'DFB L/P/BN', 22.1311756512703, 3),
	(377, 'activo/BN', 139.641788406595, 3),
	(378, 'activo corriente/BN', 80.2873353846593, 3),
	(379, 'activo no corriente/BN', 59.3544530219355, 3),
	(380, 'ventas/BAII', 3.20775148244951, 3),
	(381, 'capital/BAII', 4.6280643399548, 3),
	(382, 'FFPP/BAII', 14.89031890544, 3),
	(383, 'DFB/BAII', 31.5948466256481, 3),
	(384, 'DFB C/P/BAII', 31.5948466256481, 3),
	(385, 'DFB L/P/BAII', 12.5346019609585, 3),
	(386, 'activo/BAII', 79.0899797811953, 3),
	(387, 'activo corriente/BAII', 45.472947637778, 3),
	(388, 'activo no corriente/BAII', 33.6170321434174, 3),
	(389, 'ventas/BAI', 5.50144258730293, 3),
	(390, 'capital/BAI', 7.93734502061947, 3),
	(391, 'FFPP/BAI', 25.5375876258204, 3),
	(392, 'DFB/BAI', 54.1866275229382, 3),
	(393, 'DFB C/P/BAI', 32.689203729294, 3),
	(394, 'DFB L/P/BAI', 21.4974237936442, 3),
	(395, 'activo/BAI', 135.642983996047, 3),
	(396, 'activo corriente/BAI', 77.9882145089479, 3),
	(397, 'activo no corriente/BAI', 57.6547694870994, 3),
	(398, 'ventas/EBITDA', 0.995649745072714, 3),
	(399, 'capital/EBITDA', 1.43649877662511, 3),
	(400, 'FFPP/EBITDA', 4.62178641436763, 3),
	(401, 'DFB C/P/EBITDA', 5.91608416214659, 3),
	(402, 'DFB L/P/EBITDA', 3.89059854396394, 3),
	(403, 'activo/EBITDA', 24.548634343338, 3),
	(404, 'activo corriente/EBITDA', 14.1142881457529, 3),
	(405, 'activo no corriente/EBITDA', 10.434346197585, 3),
	(406, 'ventas/cashflow', 1.15049682272974, 3),
	(407, 'capital/cashflow', 1.65990830263473, 3),
	(408, 'FFPP/cashflow', 5.34058348468425, 3),
	(409, 'cashflow/DFN', 0.0922281035911628, 3),
	(410, 'DFB C/P/cashflow', 6.83617513612106, 3),
	(411, 'DFB L/P/cashflow', 4.49567861137809, 3),
	(412, 'activo/cashflow', 28.3665274401308, 3),
	(413, 'activo corriente/cashflow', 16.3093936870288, 3),
	(414, 'activo no corriente/cashflow', 12.0571337531021, 3),
	(415, 'fondo maniobra', 18610378.84, 4),
	(416, 'liquidez', 2.32229603211473, 4),
	(417, 'prueba acida', 0.324307522459975, 4),
	(418, 'disponibilidad', 0.0268780584529589, 4),
	(419, 'fondo maniobra/activo total', 0.323511152847685, 4),
	(420, 'endeudamiento', 0.814677852553451, 4),
	(421, 'calidad deuda', 0.699686640280283, 4),
	(422, 'coste de deuda', 0.0191553346885736, 4),
	(423, 'BN', 161001.92, 4),
	(424, 'BAI', 164305.03, 4),
	(425, 'BAII', 703195.93, 4),
	(426, 'cashflow', 1937725.52, 4),
	(427, 'EBITDA', 2479919.53, 4),
	(428, 'DFB L/P', 25941150.66, 4),
	(429, 'DFB C/P', 3972239.87, 4),
	(430, 'DFB', 29913390.53, 4),
	(431, 'DFN', 29535100.92, 4),
	(432, 'DFB/EBITDA', 12.0622424107447, 4),
	(433, 'DFN/EBITDA', 11.9097013280911, 4),
	(434, 'DFB/cashflow', 15.4373724354933, 4),
	(435, 'DFN/cashflow', 15.2421489086855, 4),
	(436, 'BAII/activo', 0.0122239169845991, 4),
	(437, 'BAI/activo', 0.00285617558519155, 4),
	(438, 'BN/activo', 0.00279875639274685, 4),
	(439, 'BN/(FFPP-beneficio ao)', 0.0153336861461327, 4),
	(440, 'apalancamiento financiero', 1.26080286375978, 4),
	(441, 'punto muerto', 12383470.6915182, 4),
	(442, 'punto muerto mensual', 1100064.04893822, 4),
	(443, 'margen de contribucion', 8567626.54, 4),
	(444, 'ventas', 2125906.62, 4),
	(445, 'BN/ventas', 0.0757332982010282, 4),
	(446, 'capital/ventas', 1.57210453580506, 4),
	(447, 'FFPP/ventas', 5.0147477973421, 4),
	(448, 'ventas/DFB', 0.0710687281626581, 4),
	(449, 'ventas/DFB C/P', 0.535190897220414, 4),
	(450, 'ventas/DFB L/P', 0.0819511303821247, 4),
	(451, 'ventas/activo', 0.0369554272589287, 4),
	(452, 'ventas/activo corriente', 0.065042928240265, 4),
	(453, 'ventas/activo no corriente', 0.0855786068289965, 4),
	(454, 'BN/capital', 0.0481731948965124, 4),
	(455, 'BN/FFPP', 0.0151021150537557, 4),
	(456, 'BN/DFB', 0.0053822691827104, 4),
	(457, 'BN/DFB C/P', 0.0405317718136695, 4),
	(458, 'BN/DFB L/P', 0.00620642939514079, 4),
	(459, 'BN/activo corriente', 0.00492591548028807, 4),
	(460, 'BN/activo no corriente', 0.00648115015060894, 4),
	(461, 'BAII/ventas', 0.330774608529137, 4),
	(462, 'BAII/capital', 0.210402426171839, 4),
	(463, 'BAII/FFPP', 0.0659603676787998, 4),
	(464, 'BAII/DFB', 0.0235077307366668, 4),
	(465, 'BAII/DFB C/P', 0.17702755951644, 4),
	(466, 'BAII/DFB L/P', 0.0271073530706675, 4),
	(467, 'BAII/activo corriente', 0.0215145491262624, 4),
	(468, 'BAII/activo no corriente', 0.0283072301723302, 4),
	(469, 'BAI/ventas', 0.077287040011193, 4),
	(470, 'BAI/capital', 0.0491615145500583, 4),
	(471, 'BAI/FFPP', 0.0154119495405445, 4),
	(472, 'BAI/DFB', 0.00549269163705195, 4),
	(473, 'BAI/DFB C/P', 0.0413633202871004, 4),
	(474, 'BAI/DFB L/P', 0.00633376029280576, 4),
	(475, 'BAI/activo corriente', 0.00502697539735051, 4),
	(476, 'BAI/activo no corriente', 0.0066141172100948, 4),
	(477, 'EBITDA/ventas', 1.16652326431911, 4),
	(478, 'EBITDA/capital', 0.74201380235936, 4),
	(479, 'EBITDA/FFPP', 0.232618530674141, 4),
	(480, 'EBITDA/DFB', 0.0829033247673112, 4),
	(481, 'EBITDA/DFB C/P', 0.624312632459429, 4),
	(482, 'EBITDA/DFB L/P', 0.0955979001279969, 4),
	(483, 'EBITDA/activo', 0.0431093656403928, 4),
	(484, 'EBITDA/activo corriente', 0.0758740889717074, 4),
	(485, 'EBITDA/activo no corriente', 0.0998294357940424, 4),
	(486, 'cashflow/ventas', 0.911481953990999, 4),
	(487, 'cashflow/capital', 0.579784571084033, 4),
	(488, 'cashflow/FFPP', 0.181760278049097, 4),
	(489, 'cashflow/DFB', 0.0647778632133547, 4),
	(490, 'cashflow/DFB C/P', 0.487816844756659, 4),
	(491, 'cashflow/DFB L/P', 0.0746969764524701, 4),
	(492, 'cashflow/activo', 0.0336842050485406, 4),
	(493, 'cashflow/activo corriente', 0.0592854553257331, 4),
	(494, 'cashflow/activo no corriente', 0.0780033557723212, 4),
	(495, 'ROE', 0.0151021150537557, 4),
	(496, 'ROA/ROI', 0.0122239169845991, 4),
	(497, 'compras medias diarias', -31437.2804432877, 4),
	(498, 'PM Proveedores', -372.450948564796, 4),
	(499, 'ventas medias diarias', 7047.52605534247, 4),
	(500, 'PM Cobro', 4453.87389164817, 4),
	(501, 'ventas/capital', 0.636090016423692, 4),
	(502, 'ventas/FFPP', 0.199411822969445, 4),
	(503, 'DFB/ventas', 14.0708863919903, 4),
	(504, 'DFB C/P/ventas', 1.86849216829665, 4),
	(505, 'DFB L/P/ventas', 12.2023942236936, 4),
	(506, 'activo/venta', 27.0596249095833, 4),
	(507, 'activo corriente/ventas', 15.3744615603107, 4),
	(508, 'activo no corriente/ventas', 11.6851633492726, 4),
	(509, 'ventas/BN', 13.204231477488, 4),
	(510, 'capital/BN', 20.7584321975788, 4),
	(511, 'FFPP/BN', 66.2158907173281, 4),
	(512, 'DFB/BN', 185.795241013275, 4),
	(513, 'DFB C/P/BN', 24.6720031040624, 4),
	(514, 'DFB L/P/BN', 161.123237909212, 4),
	(515, 'activo/BN', 357.301551000137, 4),
	(516, 'activo corriente/BN', 203.007949284083, 4),
	(517, 'activo no corriente/BN', 154.293601716054, 4),
	(518, 'ventas/BAII', 3.0232066616199, 4),
	(519, 'capital/BAII', 4.75279690540871, 4),
	(520, 'FFPP/BAII', 15.1606189472684, 4),
	(521, 'DFB/BAII', 42.5391974751617, 4),
	(522, 'DFB C/P/BAII', 42.5391974751617, 4),
	(523, 'DFB L/P/BAII', 36.8903595047827, 4),
	(524, 'activo/BAII', 81.8068382875879, 4),
	(525, 'activo corriente/BAII', 46.4801746079503, 4),
	(526, 'activo no corriente/BAII', 35.3266636796376, 4),
	(527, 'ventas/BAI', 12.9387799022343, 4),
	(528, 'capital/BAI', 20.3411145720858, 4),
	(529, 'FFPP/BAI', 64.8847180150236, 4),
	(530, 'DFB/BAI', 182.060102055305, 4),
	(531, 'DFB C/P/BAI', 24.1760089146388, 4),
	(532, 'DFB L/P/BAI', 157.884093140666, 4),
	(533, 'activo/BAI', 350.118530942114, 4),
	(534, 'activo corriente/BAI', 198.926774244221, 4),
	(535, 'activo no corriente/BAI', 151.191756697893, 4),
	(536, 'ventas/EBITDA', 0.857248226921298, 4),
	(537, 'capital/EBITDA', 1.34768382585382, 4),
	(538, 'FFPP/EBITDA', 4.29888365772901, 4),
	(539, 'DFB C/P/EBITDA', 1.60176159828863, 4),
	(540, 'DFB L/P/EBITDA', 10.460480812456, 4),
	(541, 'activo/EBITDA', 23.1968154748957, 4),
	(542, 'activo corriente/EBITDA', 13.179729912446, 4),
	(543, 'activo no corriente/EBITDA', 10.0170855624497, 4),
	(544, 'ventas/cashflow', 1.09711442516379, 4),
	(545, 'capital/cashflow', 1.72477856409715, 4),
	(546, 'FFPP/cashflow', 5.50175214702235, 4),
	(547, 'cashflow/DFN', 0.0656075469404558, 4),
	(548, 'DFB C/P/cashflow', 2.04994971114382, 4),
	(549, 'DFB L/P/cashflow', 13.3874227243495, 4),
	(550, 'activo/cashflow', 29.6875048278251, 4),
	(551, 'activo corriente/cashflow', 16.867543556943, 4),
	(552, 'activo no corriente/cashflow', 12.8199612708822, 4);


SET IDENTITY_INSERT ratios OFF

ALTER TABLE analiticas WITH CHECK CHECK CONSTRAINT ALL
ALTER TABLE cirbes WITH CHECK CHECK CONSTRAINT ALL
ALTER TABLE cirbepersonales WITH CHECK CHECK CONSTRAINT ALL
ALTER TABLE cirbereales WITH CHECK CHECK CONSTRAINT ALL
ALTER TABLE contabilidades WITH CHECK CHECK CONSTRAINT ALL
ALTER TABLE contratos WITH CHECK CHECK CONSTRAINT ALL
ALTER TABLE documentos WITH CHECK CHECK CONSTRAINT ALL
ALTER TABLE operaciones WITH CHECK CHECK CONSTRAINT ALL
ALTER TABLE pools WITH CHECK CHECK CONSTRAINT ALL
ALTER TABLE ratios WITH CHECK CHECK CONSTRAINT ALL